time_s,position,velocity,acceleration,jerk,phase,setpoint,dir
0.000000,0.00000000,0.00000000,0.00000000,0.00000000,0,0.00000000,0
0.001000,0.00000000,0.00000000,0.00000000,0.00000000,0,0.00000000,0
0.002000,0.00000000,0.00000000,0.00000000,0.00000000,0,0.00000000,0
0.003000,0.00000000,0.00000000,0.00000000,0.00000000,0,0.00000000,0
0.004000,0.00000000,0.00000000,0.00000000,0.00000000,0,0.00000000,0
0.005000,0.00000000,0.00000000,0.00000000,0.00000000,0,0.00000000,0
0.006000,0.00000000,0.00000000,0.00000000,0.00000000,0,0.00000000,0
0.007000,0.00000000,0.00000000,0.00000000,0.00000000,0,0.00000000,0
0.008000,0.00000000,0.00000000,0.00000000,0.00000000,0,0.00000000,0
0.009000,0.00000000,0.00000000,0.00000000,0.00000000,0,0.00000000,0
0.010000,0.00000000,0.00001000,0.02000000,20.00000000,1,0.78539819,1
0.011000,0.00000003,0.00004000,0.04000000,20.00000000,1,0.78539819,1
0.012000,0.00000009,0.00009000,0.06000000,20.00000000,1,0.78539819,1
0.013000,0.00000021,0.00016000,0.08000001,20.00000000,1,0.78539819,1
0.014000,0.00000042,0.00025000,0.10000001,20.00000000,1,0.78539819,1
0.015000,0.00000072,0.00036000,0.12000001,20.00000000,1,0.78539819,1
0.016000,0.00000114,0.00049000,0.14000002,20.00000000,1,0.78539819,1
0.017000,0.00000171,0.00064000,0.16000001,20.00000000,1,0.78539819,1
0.018000,0.00000243,0.00081000,0.18000001,20.00000000,1,0.78539819,1
0.019000,0.00000333,0.00100000,0.20000002,20.00000000,1,0.78539819,1
0.020000,0.00000444,0.00121000,0.22000003,20.00000000,1,0.78539819,1
0.021000,0.00000576,0.00144000,0.24000004,20.00000000,1,0.78539819,1
0.022000,0.00000732,0.00169000,0.26000005,20.00000000,1,0.78539819,1
0.023000,0.00000915,0.00196000,0.28000006,20.00000000,1,0.78539819,1
0.024000,0.00001125,0.00225000,0.30000007,20.00000000,1,0.78539819,1
0.025000,0.00001365,0.00256000,0.32000005,20.00000000,1,0.78539819,1
0.026000,0.00001638,0.00289000,0.34000006,20.00000000,1,0.78539819,1
0.027000,0.00001944,0.00324000,0.36000007,20.00000000,1,0.78539819,1
0.028000,0.00002286,0.00361000,0.38000008,20.00000000,1,0.78539819,1
0.029000,0.00002667,0.00400000,0.40000010,20.00000000,1,0.78539819,1
0.030000,0.00003087,0.00441000,0.42000011,20.00000000,1,0.78539819,1
0.031000,0.00003549,0.00484000,0.44000012,20.00000000,1,0.78539819,1
0.032000,0.00004056,0.00529000,0.46000013,20.00000000,1,0.78539819,1
0.033000,0.00004608,0.00576000,0.48000014,20.00000000,1,0.78539819,1
0.034000,0.00005208,0.00625000,0.50000012,20.00000000,1,0.78539819,1
0.035000,0.00005859,0.00676000,0.52000010,20.00000000,1,0.78539819,1
0.036000,0.00006561,0.00729000,0.54000008,20.00000000,1,0.78539819,1
0.037000,0.00007317,0.00784000,0.56000006,20.00000000,1,0.78539819,1
0.038000,0.00008130,0.00841000,0.58000004,20.00000000,1,0.78539819,1
0.039000,0.00009000,0.00900000,0.60000002,20.00000000,1,0.78539819,1
0.040000,0.00009930,0.00961000,0.62000000,20.00000000,1,0.78539819,1
0.041000,0.00010923,0.01024000,0.63999999,20.00000000,1,0.78539819,1
0.042000,0.00011979,0.01089000,0.65999997,20.00000000,1,0.78539819,1
0.043000,0.00013101,0.01156000,0.67999995,20.00000000,1,0.78539819,1
0.044000,0.00014292,0.01225000,0.69999993,20.00000000,1,0.78539819,1
0.045000,0.00015552,0.01295999,0.71999991,20.00000000,1,0.78539819,1
0.046000,0.00016884,0.01368999,0.73999989,20.00000000,1,0.78539819,1
0.047000,0.00018291,0.01443999,0.75999987,20.00000000,1,0.78539819,1
0.048000,0.00019773,0.01520999,0.77999985,20.00000000,1,0.78539819,1
0.049000,0.00021333,0.01599999,0.79999983,20.00000000,1,0.78539819,1
0.050000,0.00022974,0.01680999,0.81999981,20.00000000,1,0.78539819,1
0.051000,0.00024696,0.01763999,0.83999979,20.00000000,1,0.78539819,1
0.052000,0.00026502,0.01848999,0.85999978,20.00000000,1,0.78539819,1
0.053000,0.00028395,0.01935999,0.87999976,20.00000000,1,0.78539819,1
0.054000,0.00030375,0.02024998,0.89999974,20.00000000,1,0.78539819,1
0.055000,0.00032445,0.02115998,0.91999972,20.00000000,1,0.78539819,1
0.056000,0.00034608,0.02208998,0.93999970,20.00000000,1,0.78539819,1
0.057000,0.00036864,0.02303998,0.95999968,20.00000000,1,0.78539819,1
0.058000,0.00039216,0.02400998,0.97999966,20.00000000,1,0.78539819,1
0.059000,0.00041667,0.02499998,0.99999964,20.00000000,1,0.78539819,1
0.060000,0.00044217,0.02600998,1.01999962,20.00000000,1,0.78539819,1
0.061000,0.00046869,0.02703997,1.03999960,20.00000000,1,0.78539819,1
0.062000,0.00049626,0.02808997,1.05999959,20.00000000,1,0.78539819,1
0.063000,0.00052488,0.02915997,1.07999957,20.00000000,1,0.78539819,1
0.064000,0.00055458,0.03024997,1.09999955,20.00000000,1,0.78539819,1
0.065000,0.00058539,0.03135996,1.11999953,20.00000000,1,0.78539819,1
0.066000,0.00061731,0.03248996,1.13999951,20.00000000,1,0.78539819,1
0.067000,0.00065037,0.03363996,1.15999949,20.00000000,1,0.78539819,1
0.068000,0.00068460,0.03480995,1.17999947,20.00000000,1,0.78539819,1
0.069000,0.00072000,0.03599995,1.19999945,20.00000000,1,0.78539819,1
0.070000,0.00075660,0.03720994,1.21999943,20.00000000,1,0.78539819,1
0.071000,0.00079442,0.03843994,1.23999941,20.00000000,1,0.78539819,1
0.072000,0.00083349,0.03968994,1.25999939,20.00000000,1,0.78539819,1
0.073000,0.00087381,0.04095994,1.27999949,20.00000000,1,0.78539819,1
0.074000,0.00091541,0.04224994,1.29999948,20.00000000,1,0.78539819,1
0.075000,0.00095832,0.04355994,1.31999946,20.00000000,1,0.78539819,1
0.076000,0.00100254,0.04488994,1.33999944,20.00000000,1,0.78539819,1
0.077000,0.00104810,0.04623994,1.35999942,20.00000000,1,0.78539819,1
0.078000,0.00109503,0.04760994,1.37999940,20.00000000,1,0.78539819,1
0.079000,0.00114333,0.04899994,1.39999938,20.00000000,1,0.78539819,1
0.080000,0.00119303,0.05040994,1.41999936,20.00000000,1,0.78539819,1
0.081000,0.00124416,0.05183994,1.43999934,20.00000000,1,0.78539819,1
0.082000,0.00129672,0.05328995,1.45999932,20.00000000,1,0.78539819,1
0.083000,0.00135075,0.05475995,1.47999930,20.00000000,1,0.78539819,1
0.084000,0.00140625,0.05624995,1.49999928,20.00000000,1,0.78539819,1
0.085000,0.00146325,0.05775995,1.51999927,20.00000000,1,0.78539819,1
0.086000,0.00152178,0.05928995,1.53999925,20.00000000,1,0.78539819,1
0.087000,0.00158184,0.06083995,1.55999923,20.00000000,1,0.78539819,1
0.088000,0.00164346,0.06240995,1.57999921,20.00000000,1,0.78539819,1
0.089000,0.00170667,0.06399995,1.59999919,20.00000000,1,0.78539819,1
0.090000,0.00177147,0.06560995,1.61999917,20.00000000,1,0.78539819,1
0.091000,0.00183789,0.06723996,1.63999915,20.00000000,1,0.78539819,1
0.092000,0.00190596,0.06888995,1.65999913,20.00000000,1,0.78539819,1
0.093000,0.00197568,0.07055996,1.67999911,20.00000000,1,0.78539819,1
0.094000,0.00204708,0.07224996,1.69999909,20.00000000,1,0.78539819,1
0.095000,0.00212019,0.07395995,1.71999907,20.00000000,1,0.78539819,1
0.096000,0.00219501,0.07568996,1.73999906,20.00000000,1,0.78539819,1
0.097000,0.00227157,0.07743996,1.75999904,20.00000000,1,0.78539819,1
0.098000,0.00234990,0.07920996,1.77999902,20.00000000,1,0.78539819,1
0.099000,0.00243000,0.08099996,1.79999900,20.00000000,1,0.78539819,1
0.100000,0.00251190,0.08280996,1.81999898,20.00000000,1,0.78539819,1
0.101000,0.00259563,0.08463997,1.83999896,20.00000000,1,0.78539819,1
0.102000,0.00268119,0.08648997,1.85999894,20.00000000,1,0.78539819,1
0.103000,0.00276861,0.08835997,1.87999892,20.00000000,1,0.78539819,1
0.104000,0.00285792,0.09024997,1.89999890,20.00000000,1,0.78539819,1
0.105000,0.00294912,0.09215997,1.91999888,20.00000000,1,0.78539819,1
0.106000,0.00304224,0.09408997,1.93999887,20.00000000,1,0.78539819,1
0.107000,0.00313731,0.09603997,1.95999885,20.00000000,1,0.78539819,1
0.108000,0.00323433,0.09800997,1.97999883,20.00000000,1,0.78539819,1
0.109000,0.00333333,0.09999997,1.99999881,20.00000000,1,0.78539819,1
0.110000,0.00343434,0.10200997,2.01999879,20.00000000,1,0.78539819,1
0.111000,0.00353736,0.10403997,2.03999877,20.00000000,1,0.78539819,1
0.112000,0.00364242,0.10608998,2.05999875,20.00000000,1,0.78539819,1
0.113000,0.00374955,0.10815998,2.07999873,20.00000000,1,0.78539819,1
0.114000,0.00385875,0.11024998,2.09999871,20.00000000,1,0.78539819,1
0.115000,0.00397005,0.11235999,2.11999869,20.00000000,1,0.78539819,1
0.116000,0.00408348,0.11448999,2.13999867,20.00000000,1,0.78539819,1
0.117000,0.00419904,0.11663999,2.15999866,20.00000000,1,0.78539819,1
0.118000,0.00431677,0.11880999,2.17999864,20.00000000,1,0.78539819,1
0.119000,0.00443667,0.12099999,2.19999862,20.00000000,1,0.78539819,1
0.120000,0.00455877,0.12320999,2.21999860,20.00000000,1,0.78539819,1
0.121000,0.00468310,0.12543999,2.23999858,20.00000000,1,0.78539819,1
0.122000,0.00480966,0.12768999,2.25999856,20.00000000,1,0.78539819,1
0.123000,0.00493848,0.12995999,2.27999854,20.00000000,1,0.78539819,1
0.124000,0.00506959,0.13224998,2.29999852,20.00000000,1,0.78539819,1
0.125000,0.00520299,0.13455999,2.31999850,20.00000000,1,0.78539819,1
0.126000,0.00533871,0.13688999,2.33999848,20.00000000,1,0.78539819,1
0.127000,0.00547678,0.13924000,2.35999846,20.00000000,1,0.78539819,1
0.128000,0.00561720,0.14161000,2.37999845,20.00000000,1,0.78539819,1
0.129000,0.00576001,0.14399999,2.39999843,20.00000000,1,0.78539819,1
0.130000,0.00590521,0.14641000,2.41999841,20.00000000,1,0.78539819,1
0.131000,0.00605283,0.14884001,2.43999839,20.00000000,1,0.78539819,1
0.132000,0.00620290,0.15129001,2.45999837,20.00000000,1,0.78539819,1
0.133000,0.00635542,0.15376002,2.47999835,20.00000000,1,0.78539819,1
0.134000,0.00651042,0.15625001,2.49999833,20.00000000,1,0.78539819,1
0.135000,0.00666793,0.15876001,2.51999831,20.00000000,1,0.78539819,1
0.136000,0.00682795,0.16129002,2.53999829,20.00000000,1,0.78539819,1
0.137000,0.00699051,0.16384003,2.55999827,20.00000000,1,0.78539819,1
0.138000,0.00715564,0.16641003,2.57999825,20.00000000,1,0.78539819,1
0.139000,0.00732334,0.16900003,2.59999824,20.00000000,1,0.78539819,1
0.140000,0.00749364,0.17161003,2.61999822,20.00000000,1,0.78539819,1
0.141000,0.00766657,0.17424002,2.63999820,20.00000000,1,0.78539819,1
0.142000,0.00784213,0.17689003,2.65999818,20.00000000,1,0.78539819,1
0.143000,0.00802036,0.17956004,2.67999816,20.00000000,1,0.78539819,1
0.144000,0.00820126,0.18225004,2.69999814,20.00000000,1,0.78539819,1
0.145000,0.00838486,0.18496004,2.71999812,20.00000000,1,0.78539819,1
0.146000,0.00857119,0.18769003,2.73999810,20.00000000,1,0.78539819,1
0.147000,0.00876025,0.19044004,2.75999808,20.00000000,1,0.78539819,1
0.148000,0.00895208,0.19321005,2.77999806,20.00000000,1,0.78539819,1
0.149000,0.00914668,0.19600005,2.79999804,20.00000000,1,0.78539819,1
0.150000,0.00934409,0.19881006,2.81999803,20.00000000,1,0.78539819,1
0.151000,0.00954431,0.20164005,2.83999801,20.00000000,1,0.78539819,1
0.152000,0.00974737,0.20449005,2.85999799,20.00000000,1,0.78539819,1
0.153000,0.00995330,0.20736006,2.87999797,20.00000000,1,0.78539819,1
0.154000,0.01016210,0.21025006,2.89999795,20.00000000,1,0.78539819,1
0.155000,0.01037381,0.21316007,2.91999793,20.00000000,1,0.78539819,1
0.156000,0.01058843,0.21609007,2.93999791,20.00000000,1,0.78539819,1
0.157000,0.01080600,0.21904007,2.95999789,20.00000000,1,0.78539819,1
0.158000,0.01102652,0.22201006,2.97999787,20.00000000,1,0.78539819,1
0.159000,0.01125002,0.22500007,2.99999785,20.00000000,1,0.78539819,1
0.160000,0.01147653,0.22801007,3.01999784,20.00000000,1,0.78539819,1
0.161000,0.01170605,0.23104008,3.03999782,20.00000000,1,0.78539819,1
0.162000,0.01193862,0.23409007,3.05999780,20.00000000,1,0.78539819,1
0.163000,0.01217424,0.23716007,3.07999778,20.00000000,1,0.78539819,1
0.164000,0.01241294,0.24025008,3.09999776,20.00000000,1,0.78539819,1
0.165000,0.01265475,0.24336009,3.11999774,20.00000000,1,0.78539819,1
0.166000,0.01289967,0.24649009,3.13999772,20.00000000,1,0.78539819,1
0.167000,0.01314774,0.24964009,3.15999770,20.00000000,1,0.78539819,1
0.168000,0.01339896,0.25281012,3.17999768,20.00000000,1,0.78539819,1
0.169000,0.01365337,0.25600013,3.19999766,20.00000000,1,0.78539819,1
0.170000,0.01391097,0.25921014,3.21999764,20.00000000,1,0.78539819,1
0.171000,0.01417179,0.26244015,3.23999763,20.00000000,1,0.78539819,1
0.172000,0.01443586,0.26569015,3.25999761,20.00000000,1,0.78539819,1
0.173000,0.01470318,0.26896018,3.27999759,20.00000000,1,0.78539819,1
0.174000,0.01497379,0.27225021,3.29999757,20.00000000,1,0.78539819,1
0.175000,0.01524769,0.27556023,3.31999755,20.00000000,1,0.78539819,1
0.176000,0.01552492,0.27889025,3.33999753,20.00000000,1,0.78539819,1
0.177000,0.01580548,0.28224027,3.35999751,20.00000000,1,0.78539819,1
0.178000,0.01608941,0.28561029,3.37999749,20.00000000,1,0.78539819,1
0.179000,0.01637671,0.28900030,3.39999747,20.00000000,1,0.78539819,1
0.180000,0.01666741,0.29241031,3.41999745,20.00000000,1,0.78539819,1
0.181000,0.01696154,0.29584032,3.43999743,20.00000000,1,0.78539819,1
0.182000,0.01725910,0.29929033,3.45999742,20.00000000,1,0.78539819,1
0.183000,0.01756013,0.30276033,3.47999740,20.00000000,1,0.78539819,1
0.184000,0.01786463,0.30625036,3.49999738,20.00000000,1,0.78539819,1
0.185000,0.01817264,0.30976039,3.51999736,20.00000000,1,0.78539819,1
0.186000,0.01848416,0.31329042,3.53999734,20.00000000,1,0.78539819,1
0.187000,0.01879923,0.31684044,3.55999732,20.00000000,1,0.78539819,1
0.188000,0.01911785,0.32041046,3.57999730,20.00000000,1,0.78539819,1
0.189000,0.01944006,0.32400048,3.59999728,20.00000000,1,0.78539819,1
0.190000,0.01976586,0.32761049,3.61999726,20.00000000,1,0.78539819,1
0.191000,0.02009529,0.33124050,3.63999724,20.00000000,1,0.78539819,1
0.192000,0.02042835,0.33489051,3.65999722,20.00000000,1,0.78539819,1
0.193000,0.02076508,0.33856052,3.67999721,20.00000000,1,0.78539819,1
0.194000,0.02110548,0.34225053,3.69999719,20.00000000,1,0.78539819,1
0.195000,0.02144959,0.34596056,3.71999717,20.00000000,1,0.78539819,1
0.196000,0.02179741,0.34969059,3.73999715,20.00000000,1,0.78539819,1
0.197000,0.02214898,0.35344061,3.75999713,20.00000000,1,0.78539819,1
0.198000,0.02250430,0.35721064,3.77999711,20.00000000,1,0.78539819,1
0.199000,0.02286341,0.36100066,3.79999709,20.00000000,1,0.78539819,1
0.200000,0.02322631,0.36481068,3.81999707,20.00000000,1,0.78539819,1
0.201000,0.02359304,0.36864069,3.83999705,20.00000000,1,0.78539819,1
0.202000,0.02396360,0.37249070,3.85999703,20.00000000,1,0.78539819,1
0.203000,0.02433803,0.37636071,3.87999701,20.00000000,1,0.78539819,1
0.204000,0.02471634,0.38025072,3.89999700,20.00000000,1,0.78539819,1
0.205000,0.02509854,0.38416073,3.91999698,20.00000000,1,0.78539819,1
0.206000,0.02548467,0.38809076,3.93999696,20.00000000,1,0.78539819,1
0.207000,0.02587473,0.39204079,3.95999694,20.00000000,1,0.78539819,1
0.208000,0.02626876,0.39601082,3.97999692,20.00000000,1,0.78539819,1
0.209000,0.02666676,0.40000084,3.99999690,20.00000000,1,0.78539819,1
0.210000,0.02706877,0.40401086,4.01999712,20.00000000,1,0.78539819,1
0.211000,0.02747479,0.40804088,4.03999710,20.00000000,1,0.78539819,1
0.212000,0.02788486,0.41209090,4.05999708,20.00000000,1,0.78539819,1
0.213000,0.02829898,0.41616091,4.07999706,20.00000000,1,0.78539819,1
0.214000,0.02871719,0.42025092,4.09999704,20.00000000,1,0.78539819,1
0.215000,0.02913949,0.42436093,4.11999702,20.00000000,1,0.78539819,1
0.216000,0.02956592,0.42849094,4.13999701,20.00000000,1,0.78539819,1
0.217000,0.02999648,0.43264097,4.15999699,20.00000000,1,0.78539819,1
0.218000,0.03043121,0.43681100,4.17999697,20.00000000,1,0.78539819,1
0.219000,0.03087012,0.44100103,4.19999695,20.00000000,1,0.78539819,1
0.220000,0.03131323,0.44521105,4.21999693,20.00000000,1,0.78539819,1
0.221000,0.03176055,0.44944108,4.23999691,20.00000000,1,0.78539819,1
0.222000,0.03221212,0.45369110,4.25999689,20.00000000,1,0.78539819,1
0.223000,0.03266794,0.45796111,4.27999687,20.00000000,1,0.78539819,1
0.224000,0.03312805,0.46225113,4.29999685,20.00000000,1,0.78539819,1
0.225000,0.03359245,0.46656114,4.31999683,20.00000000,1,0.78539819,1
0.226000,0.03406118,0.47089115,4.33999681,20.00000000,1,0.78539819,1
0.227000,0.03453425,0.47524115,4.35999680,20.00000000,1,0.78539819,1
0.228000,0.03501167,0.47961119,4.37999678,20.00000000,1,0.78539819,1
0.229000,0.03549348,0.48400122,4.39999676,20.00000000,1,0.78539819,1
0.230000,0.03597968,0.48841125,4.41999674,20.00000000,1,0.78539819,1
0.231000,0.03647031,0.49284127,4.43999672,20.00000000,1,0.78539819,1
0.232000,0.03696537,0.49729130,4.45999670,20.00000000,1,0.78539819,1
0.233000,0.03746490,0.50175822,4.46425724,-20.00000000,3,0.78539819,1
0.234000,0.03796889,0.50621247,4.44425726,-20.00000000,3,0.78539819,1
0.235000,0.03847732,0.51064670,4.42425728,-20.00000000,3,0.78539819,1
0.236000,0.03899018,0.51506096,4.40425730,-20.00000000,3,0.78539819,1
0.237000,0.03950744,0.51945519,4.38425732,-20.00000000,3,0.78539819,1
0.238000,0.04002908,0.52382946,4.36425734,-20.00000000,3,0.78539819,1
0.239000,0.04055509,0.52818370,4.34425735,-20.00000000,3,0.78539819,1
0.240000,0.04108544,0.53251797,4.32425737,-20.00000000,3,0.78539819,1
0.241000,0.04162012,0.53683221,4.30425739,-20.00000000,3,0.78539819,1
0.242000,0.04215910,0.54112649,4.28425741,-20.00000000,3,0.78539819,1
0.243000,0.04270237,0.54540074,4.26425743,-20.00000000,3,0.78539819,1
0.244000,0.04324990,0.54965502,4.24425745,-20.00000000,3,0.78539819,1
0.245000,0.04380167,0.55388927,4.22425747,-20.00000000,3,0.78539819,1
0.246000,0.04435767,0.55810350,4.20425749,-20.00000000,3,0.78539819,1
0.247000,0.04491787,0.56229776,4.18425751,-20.00000000,3,0.78539819,1
0.248000,0.04548226,0.56647199,4.16425753,-20.00000000,3,0.78539819,1
0.249000,0.04605081,0.57062626,4.14425755,-20.00000000,3,0.78539819,1
0.250000,0.04662351,0.57476050,4.12425756,-20.00000000,3,0.78539819,1
0.251000,0.04720033,0.57887477,4.10425758,-20.00000000,3,0.78539819,1
0.252000,0.04778126,0.58296901,4.08425760,-20.00000000,3,0.78539819,1
0.253000,0.04836626,0.58704329,4.06425762,-20.00000000,3,0.78539819,1
0.254000,0.04895534,0.59109753,4.04425764,-20.00000000,3,0.78539819,1
0.255000,0.04954845,0.59513181,4.02425766,-20.00000000,3,0.78539819,1
0.256000,0.05014560,0.59914607,4.00425768,-20.00000000,3,0.78539819,1
0.257000,0.05074674,0.60314029,3.98425770,-20.00000000,3,0.78539819,1
0.258000,0.05135187,0.60711455,3.96425772,-20.00000000,3,0.78539819,1
0.259000,0.05196096,0.61106879,3.94425774,-20.00000000,3,0.78539819,1
0.260000,0.05257399,0.61500299,3.92425799,-20.00000000,3,0.78539819,1
0.261000,0.05319094,0.61891717,3.90425825,-20.00000000,3,0.78539819,1
0.262000,0.05381180,0.62281138,3.88425851,-20.00000000,3,0.78539819,1
0.263000,0.05443654,0.62668556,3.86425877,-20.00000000,3,0.78539819,1
0.264000,0.05506515,0.63053977,3.84425902,-20.00000000,3,0.78539819,1
0.265000,0.05569760,0.63437396,3.82425928,-20.00000000,3,0.78539819,1
0.266000,0.05633387,0.63818818,3.80425954,-20.00000000,3,0.78539819,1
0.267000,0.05697395,0.64198238,3.78425980,-20.00000000,3,0.78539819,1
0.268000,0.05761781,0.64575660,3.76426005,-20.00000000,3,0.78539819,1
0.269000,0.05826544,0.64951080,3.74426031,-20.00000000,3,0.78539819,1
0.270000,0.05891681,0.65324497,3.72426057,-20.00000000,3,0.78539819,1
0.271000,0.05957191,0.65695918,3.70426083,-20.00000000,3,0.78539819,1
0.272000,0.06023071,0.66065335,3.68426108,-20.00000000,3,0.78539819,1
0.273000,0.06089319,0.66432756,3.66426134,-20.00000000,3,0.78539819,1
0.274000,0.06155934,0.66798174,3.64426160,-20.00000000,3,0.78539819,1
0.275000,0.06222913,0.67161596,3.62426186,-20.00000000,3,0.78539819,1
0.276000,0.06290255,0.67523015,3.60426211,-20.00000000,3,0.78539819,1
0.277000,0.06357957,0.67882437,3.58426237,-20.00000000,3,0.78539819,1
0.278000,0.06426018,0.68239856,3.56426263,-20.00000000,3,0.78539819,1
0.279000,0.06494436,0.68595278,3.54426289,-20.00000000,3,0.78539819,1
0.280000,0.06563208,0.68948698,3.52426314,-20.00000000,3,0.78539819,1
0.281000,0.06632332,0.69300121,3.50426340,-20.00000000,3,0.78539819,1
0.282000,0.06701806,0.69649541,3.48426366,-20.00000000,3,0.78539819,1
0.283000,0.06771629,0.69996959,3.46426392,-20.00000000,3,0.78539819,1
0.284000,0.06841798,0.70342380,3.44426417,-20.00000000,3,0.78539819,1
0.285000,0.06912312,0.70685798,3.42426443,-20.00000000,3,0.78539819,1
0.286000,0.06983168,0.71027219,3.40426469,-20.00000000,3,0.78539819,1
0.287000,0.07054365,0.71366638,3.38426495,-20.00000000,3,0.78539819,1
0.288000,0.07125899,0.71704060,3.36426520,-20.00000000,3,0.78539819,1
0.289000,0.07197770,0.72039479,3.34426546,-20.00000000,3,0.78539819,1
0.290000,0.07269976,0.72372901,3.32426572,-20.00000000,3,0.78539819,1
0.291000,0.07342514,0.72704321,3.30426598,-20.00000000,3,0.78539819,1
0.292000,0.07415383,0.73033744,3.28426623,-20.00000000,3,0.78539819,1
0.293000,0.07488580,0.73361164,3.26426649,-20.00000000,3,0.78539819,1
0.294000,0.07562103,0.73686588,3.24426675,-20.00000000,3,0.78539819,1
0.295000,0.07635951,0.74010009,3.22426701,-20.00000000,3,0.78539819,1
0.296000,0.07710121,0.74331433,3.20426726,-20.00000000,3,0.78539819,1
0.297000,0.07784612,0.74650854,3.18426752,-20.00000000,3,0.78539819,1
0.298000,0.07859421,0.74968272,3.16426778,-20.00000000,3,0.78539819,1
0.299000,0.07934546,0.75283694,3.14426804,-20.00000000,3,0.78539819,1
0.300000,0.08009986,0.75597113,3.12426829,-20.00000000,3,0.78539819,1
0.301000,0.08085738,0.75908536,3.10426855,-20.00000000,3,0.78539819,1
0.302000,0.08161800,0.76217955,3.08426881,-20.00000000,3,0.78539819,1
0.303000,0.08238172,0.76525378,3.06426907,-20.00000000,3,0.78539819,1
0.304000,0.08314849,0.76830798,3.04426932,-20.00000000,3,0.78539819,1
0.305000,0.08391831,0.77134222,3.02426958,-20.00000000,3,0.78539819,1
0.306000,0.08469115,0.77435642,3.00426984,-20.00000000,3,0.78539819,1
0.307000,0.08546700,0.77735066,2.98427010,-20.00000000,3,0.78539819,1
0.308000,0.08624583,0.78032488,2.96427035,-20.00000000,3,0.78539819,1
0.309000,0.08702763,0.78327912,2.94427061,-20.00000000,3,0.78539819,1
0.310000,0.08781238,0.78621334,2.92427087,-20.00000000,3,0.78539819,1
0.311000,0.08860004,0.78912753,2.90427113,-20.00000000,3,0.78539819,1
0.312000,0.08939061,0.79202175,2.88427138,-20.00000000,3,0.78539819,1
0.313000,0.09018407,0.79489595,2.86427164,-20.00000000,3,0.78539819,1
0.314000,0.09098039,0.79775017,2.84427190,-20.00000000,3,0.78539819,1
0.315000,0.09177955,0.80058438,2.82427216,-20.00000000,3,0.78539819,1
0.316000,0.09258154,0.80339861,2.80427241,-20.00000000,3,0.78539819,1
0.317000,0.09338633,0.80619282,2.78427267,-20.00000000,3,0.78539819,1
0.318000,0.09419391,0.80896705,2.76427293,-20.00000000,3,0.78539819,1
0.319000,0.09500425,0.81172127,2.74427319,-20.00000000,3,0.78539819,1
0.320000,0.09581733,0.81445551,2.72427344,-20.00000000,3,0.78539819,1
0.321000,0.09663314,0.81716973,2.70427370,-20.00000000,3,0.78539819,1
0.322000,0.09745164,0.81986398,2.68427396,-20.00000000,3,0.78539819,1
0.323000,0.09827284,0.82253820,2.66427422,-20.00000000,3,0.78539819,1
0.324000,0.09909670,0.82519245,2.64427447,-20.00000000,3,0.78539819,1
0.325000,0.09992320,0.82782668,2.62427473,-20.00000000,3,0.78539819,1
0.326000,0.10075233,0.83044088,2.60427499,-20.00000000,3,0.78539819,1
0.327000,0.10158406,0.83303511,2.58427525,-20.00000000,3,0.78539819,1
0.328000,0.10241838,0.83560932,2.56427550,-20.00000000,3,0.78539819,1
0.329000,0.10325526,0.83816355,2.54427576,-20.00000000,3,0.78539819,1
0.330000,0.10409468,0.84069777,2.52427602,-20.00000000,3,0.78539819,1
0.331000,0.10493663,0.84321201,2.50427628,-20.00000000,3,0.78539819,1
0.332000,0.10578109,0.84570622,2.48427653,-20.00000000,3,0.78539819,1
0.333000,0.10662802,0.84818047,2.46427679,-20.00000000,3,0.78539819,1
0.334000,0.10747742,0.85063469,2.44427705,-20.00000000,3,0.78539819,1
0.335000,0.10832927,0.85306895,2.42427731,-20.00000000,3,0.78539819,1
0.336000,0.10918354,0.85548317,2.40427756,-20.00000000,3,0.78539819,1
0.337000,0.11004022,0.85787743,2.38427782,-20.00000000,3,0.78539819,1
0.338000,0.11089928,0.86025167,2.36427808,-20.00000000,3,0.78539819,1
0.339000,0.11176071,0.86260587,2.34427834,-20.00000000,3,0.78539819,1
0.340000,0.11262447,0.86494011,2.32427859,-20.00000000,3,0.78539819,1
0.341000,0.11349057,0.86725432,2.30427885,-20.00000000,3,0.78539819,1
0.342000,0.11435896,0.86954856,2.28427911,-20.00000000,3,0.78539819,1
0.343000,0.11522964,0.87182277,2.26427937,-20.00000000,3,0.78539819,1
0.344000,0.11610258,0.87407702,2.24427962,-20.00000000,3,0.78539819,1
0.345000,0.11697777,0.87631124,2.22427988,-20.00000000,3,0.78539819,1
0.346000,0.11785518,0.87852550,2.20428014,-20.00000000,3,0.78539819,1
0.347000,0.11873480,0.88071972,2.18428040,-20.00000000,3,0.78539819,1
0.348000,0.11961661,0.88289398,2.16428065,-20.00000000,3,0.78539819,1
0.349000,0.12050057,0.88504821,2.14428091,-20.00000000,3,0.78539819,1
0.350000,0.12138668,0.88718247,2.12428117,-20.00000000,3,0.78539819,1
0.351000,0.12227492,0.88929671,2.10428143,-20.00000000,3,0.78539819,1
0.352000,0.12316526,0.89139098,2.08428168,-20.00000000,3,0.78539819,1
0.353000,0.12405768,0.89346522,2.06428194,-20.00000000,3,0.78539819,1
0.354000,0.12495217,0.89551944,2.04428220,-20.00000000,3,0.78539819,1
0.355000,0.12584871,0.89755368,2.02428246,-20.00000000,3,0.78539819,1
0.356000,0.12674727,0.89956790,2.00428271,-20.00000000,3,0.78539819,1
0.357000,0.12764782,0.90156215,1.98428297,-20.00000000,3,0.78539819,1
0.358000,0.12855037,0.90353638,1.96428323,-20.00000000,3,0.78539819,1
0.359000,0.12945488,0.90549064,1.94428349,-20.00000000,3,0.78539819,1
0.360000,0.13036133,0.90742487,1.92428374,-20.00000000,3,0.78539819,1
0.361000,0.13126971,0.90933913,1.90428400,-20.00000000,3,0.78539819,1
0.362000,0.13217999,0.91123337,1.88428426,-20.00000000,3,0.78539819,1
0.363000,0.13309215,0.91310763,1.86428452,-20.00000000,3,0.78539819,1
0.364000,0.13400619,0.91496187,1.84428477,-20.00000000,3,0.78539819,1
0.365000,0.13492206,0.91679615,1.82428503,-20.00000000,3,0.78539819,1
0.366000,0.13583975,0.91861039,1.80428529,-20.00000000,3,0.78539819,1
0.367000,0.13675925,0.92040461,1.78428555,-20.00000000,3,0.78539819,1
0.368000,0.13768055,0.92217886,1.76428580,-20.00000000,3,0.78539819,1
0.369000,0.13860360,0.92393309,1.74428606,-20.00000000,3,0.78539819,1
0.370000,0.13952839,0.92566735,1.72428632,-20.00000000,3,0.78539819,1
0.371000,0.14045492,0.92738158,1.70428658,-20.00000000,3,0.78539819,1
0.372000,0.14138314,0.92907584,1.68428683,-20.00000000,3,0.78539819,1
0.373000,0.14231305,0.93075007,1.66428709,-20.00000000,3,0.78539819,1
0.374000,0.14324462,0.93240434,1.64428735,-20.00000000,3,0.78539819,1
0.375000,0.14417784,0.93403858,1.62428761,-20.00000000,3,0.78539819,1
0.376000,0.14511268,0.93565285,1.60428786,-20.00000000,3,0.78539819,1
0.377000,0.14604913,0.93724710,1.58428812,-20.00000000,3,0.78539819,1
0.378000,0.14698716,0.93882138,1.56428838,-20.00000000,3,0.78539819,1
0.379000,0.14792673,0.94037563,1.54428864,-20.00000000,3,0.78539819,1
0.380000,0.14886788,0.94190991,1.52428889,-20.00000000,3,0.78539819,1
0.381000,0.14981054,0.94342417,1.50428915,-20.00000000,3,0.78539819,1
0.382000,0.15075469,0.94491839,1.48428941,-20.00000000,3,0.78539819,1
0.383000,0.15170035,0.94639266,1.46428967,-20.00000000,3,0.78539819,1
0.384000,0.15264747,0.94784689,1.44428992,-20.00000000,3,0.78539819,1
0.385000,0.15359601,0.94928116,1.42429018,-20.00000000,3,0.78539819,1
0.386000,0.15454599,0.95069540,1.40429044,-20.00000000,3,0.78539819,1
0.387000,0.15549737,0.95208967,1.38429070,-20.00000000,3,0.78539819,1
0.388000,0.15645014,0.95346391,1.36429095,-20.00000000,3,0.78539819,1
0.389000,0.15740427,0.95481819,1.34429121,-20.00000000,3,0.78539819,1
0.390000,0.15835975,0.95615244,1.32429147,-20.00000000,3,0.78539819,1
0.391000,0.15931654,0.95746672,1.30429173,-20.00000000,3,0.78539819,1
0.392000,0.16027465,0.95876098,1.28429198,-20.00000000,3,0.78539819,1
0.393000,0.16123405,0.96003526,1.26429224,-20.00000000,3,0.78539819,1
0.394000,0.16219470,0.96128953,1.24429250,-20.00000000,3,0.78539819,1
0.395000,0.16315660,0.96252376,1.22429276,-20.00000000,3,0.78539819,1
0.396000,0.16411972,0.96373802,1.20429301,-20.00000000,3,0.78539819,1
0.397000,0.16508405,0.96493226,1.18429327,-20.00000000,3,0.78539819,1
0.398000,0.16604957,0.96610653,1.16429353,-20.00000000,3,0.78539819,1
0.399000,0.16701624,0.96726078,1.14429379,-20.00000000,3,0.78539819,1
0.400000,0.16798405,0.96839505,1.12429404,-20.00000000,3,0.78539819,1
0.401000,0.16895300,0.96950930,1.10429430,-20.00000000,3,0.78539819,1
0.402000,0.16992305,0.97060359,1.08429456,-20.00000000,3,0.78539819,1
0.403000,0.17089418,0.97167784,1.06429482,-20.00000000,3,0.78539819,1
0.404000,0.17186637,0.97273213,1.04429507,-20.00000000,3,0.78539819,1
0.405000,0.17283961,0.97376639,1.02429533,-20.00000000,3,0.78539819,1
0.406000,0.17381388,0.97478068,1.00429559,-20.00000000,3,0.78539819,1
0.407000,0.17478916,0.97577494,0.98429585,-20.00000000,3,0.78539819,1
0.408000,0.17576541,0.97674924,0.96429610,-20.00000000,3,0.78539819,1
0.409000,0.17674263,0.97770351,0.94429636,-20.00000000,3,0.78539819,1
0.410000,0.17772080,0.97863775,0.92429662,-20.00000000,3,0.78539819,1
0.411000,0.17869988,0.97955203,0.90429688,-20.00000000,3,0.78539819,1
0.412000,0.17967987,0.98044628,0.88429713,-20.00000000,3,0.78539819,1
0.413000,0.18066075,0.98132056,0.86429739,-20.00000000,3,0.78539819,1
0.414000,0.18164249,0.98217481,0.84429765,-20.00000000,3,0.78539819,1
0.415000,0.18262507,0.98300910,0.82429790,-20.00000000,3,0.78539819,1
0.416000,0.18360849,0.98382336,0.80429816,-20.00000000,3,0.78539819,1
0.417000,0.18459269,0.98461765,0.78429842,-20.00000000,3,0.78539819,1
0.418000,0.18557769,0.98539191,0.76429868,-20.00000000,3,0.78539819,1
0.419000,0.18656346,0.98614621,0.74429893,-20.00000000,3,0.78539819,1
0.420000,0.18754996,0.98688048,0.72429919,-20.00000000,3,0.78539819,1
0.421000,0.18853720,0.98759478,0.70429945,-20.00000000,3,0.78539819,1
0.422000,0.18952514,0.98828906,0.68429971,-20.00000000,3,0.78539819,1
0.423000,0.19051376,0.98896331,0.66429996,-20.00000000,3,0.78539819,1
0.424000,0.19150303,0.98961759,0.64430022,-20.00000000,3,0.78539819,1
0.425000,0.19249296,0.99025184,0.62430048,-20.00000000,3,0.78539819,1
0.426000,0.19348352,0.99086612,0.60430074,-20.00000000,3,0.78539819,1
0.427000,0.19447467,0.99146038,0.58430099,-20.00000000,3,0.78539819,1
0.428000,0.19546641,0.99203467,0.56430125,-20.00000000,3,0.78539819,1
0.429000,0.19645871,0.99258894,0.54430151,-20.00000000,3,0.78539819,1
0.430000,0.19745156,0.99312323,0.52430177,-20.00000000,3,0.78539819,1
0.431000,0.19844495,0.99363750,0.50430202,-20.00000000,3,0.78539819,1
0.432000,0.19943883,0.99413180,0.48430228,-20.00000000,3,0.78539819,1
0.433000,0.20043318,0.99460608,0.46430254,-20.00000000,3,0.78539819,1
0.434000,0.20142801,0.99506038,0.44430280,-20.00000000,3,0.78539819,1
0.435000,0.20242329,0.99549466,0.42430305,-20.00000000,3,0.78539819,1
0.436000,0.20341899,0.99590898,0.40430331,-20.00000000,3,0.78539819,1
0.437000,0.20441508,0.99630326,0.38430357,-20.00000000,3,0.78539819,1
0.438000,0.20541157,0.99667752,0.36430383,-20.00000000,3,0.78539819,1
0.439000,0.20640841,0.99703181,0.34430408,-20.00000000,3,0.78539819,1
0.440000,0.20740561,0.99736607,0.32430434,-20.00000000,3,0.78539819,1
0.441000,0.20840313,0.99768037,0.30430460,-20.00000000,3,0.78539819,1
0.442000,0.20940094,0.99797463,0.28430486,-20.00000000,3,0.78539819,1
0.443000,0.21039905,0.99824893,0.26430511,-20.00000000,3,0.78539819,1
0.444000,0.21139741,0.99850321,0.24430537,-20.00000000,3,0.78539819,1
0.445000,0.21239603,0.99873751,0.22430563,-20.00000000,3,0.78539819,1
0.446000,0.21339487,0.99895179,0.20430589,-20.00000000,3,0.78539819,1
0.447000,0.21439391,0.99914610,0.18430614,-20.00000000,3,0.78539819,1
0.448000,0.21539314,0.99932039,0.16430640,-20.00000000,3,0.78539819,1
0.449000,0.21639253,0.99947470,0.14430666,-20.00000000,3,0.78539819,1
0.450000,0.21739207,0.99960899,0.12430692,-20.00000000,3,0.78539819,1
0.451000,0.21839173,0.99972326,0.10430717,-20.00000000,3,0.78539819,1
0.452000,0.21939148,0.99981755,0.08430743,-20.00000000,3,0.78539819,1
0.453000,0.22039133,0.99989182,0.06430769,-20.00000000,3,0.78539819,1
0.454000,0.22139125,0.99994612,0.04430795,-20.00000000,3,0.78539819,1
0.455000,0.22239119,0.99998039,0.02430820,-20.00000000,3,0.78539819,1
0.456000,0.22339118,0.99999464,0.00430846,-20.00000000,3,0.78539819,1
0.457000,0.22439116,0.99999511,-0.00000751,0.00000000,4,0.78539819,1
0.458000,0.22539115,0.99999511,-0.00000751,0.00000000,4,0.78539819,1
0.459000,0.22639114,0.99999511,-0.00000751,0.00000000,4,0.78539819,1
0.460000,0.22739112,0.99999511,-0.00000751,0.00000000,4,0.78539819,1
0.461000,0.22839111,0.99999511,-0.00000751,0.00000000,4,0.78539819,1
0.462000,0.22939110,0.99999511,-0.00000751,0.00000000,4,0.78539819,1
0.463000,0.23039109,0.99999511,-0.00000751,0.00000000,4,0.78539819,1
0.464000,0.23139107,0.99999511,-0.00000751,0.00000000,4,0.78539819,1
0.465000,0.23239106,0.99999511,-0.00000751,0.00000000,4,0.78539819,1
0.466000,0.23339105,0.99999511,-0.00000751,0.00000000,4,0.78539819,1
0.467000,0.23439103,0.99999511,-0.00000751,0.00000000,4,0.78539819,1
0.468000,0.23539102,0.99999511,-0.00000751,0.00000000,4,0.78539819,1
0.469000,0.23639101,0.99999511,-0.00000751,0.00000000,4,0.78539819,1
0.470000,0.23739100,0.99999511,-0.00000751,0.00000000,4,0.78539819,1
0.471000,0.23839098,0.99999511,-0.00000751,0.00000000,4,0.78539819,1
0.472000,0.23939097,0.99999511,-0.00000751,0.00000000,4,0.78539819,1
0.473000,0.24039096,0.99999511,-0.00000751,0.00000000,4,0.78539819,1
0.474000,0.24139094,0.99999511,-0.00000751,0.00000000,4,0.78539819,1
0.475000,0.24239093,0.99999511,-0.00000751,0.00000000,4,0.78539819,1
0.476000,0.24339092,0.99999511,-0.00000751,0.00000000,4,0.78539819,1
0.477000,0.24439090,0.99999511,-0.00000751,0.00000000,4,0.78539819,1
0.478000,0.24539089,0.99999511,-0.00000751,0.00000000,4,0.78539819,1
0.479000,0.24639088,0.99999511,-0.00000751,0.00000000,4,0.78539819,1
0.480000,0.24739087,0.99999511,-0.00000751,0.00000000,4,0.78539819,1
0.481000,0.24839085,0.99999511,-0.00000751,0.00000000,4,0.78539819,1
0.482000,0.24939084,0.99999511,-0.00000751,0.00000000,4,0.78539819,1
0.483000,0.25039083,0.99999511,-0.00000751,0.00000000,4,0.78539819,1
0.484000,0.25139081,0.99999511,-0.00000751,0.00000000,4,0.78539819,1
0.485000,0.25239080,0.99999511,-0.00000751,0.00000000,4,0.78539819,1
0.486000,0.25339079,0.99999511,-0.00000751,0.00000000,4,0.78539819,1
0.487000,0.25439078,0.99999511,-0.00000751,0.00000000,4,0.78539819,1
0.488000,0.25539076,0.99999511,-0.00000751,0.00000000,4,0.78539819,1
0.489000,0.25639075,0.99999511,-0.00000751,0.00000000,4,0.78539819,1
0.490000,0.25739074,0.99999511,-0.00000751,0.00000000,4,0.78539819,1
0.491000,0.25839072,0.99999511,-0.00000751,0.00000000,4,0.78539819,1
0.492000,0.25939071,0.99999511,-0.00000751,0.00000000,4,0.78539819,1
0.493000,0.26039070,0.99999511,-0.00000751,0.00000000,4,0.78539819,1
0.494000,0.26139069,0.99999511,-0.00000751,0.00000000,4,0.78539819,1
0.495000,0.26239067,0.99999511,-0.00000751,0.00000000,4,0.78539819,1
0.496000,0.26339066,0.99999511,-0.00000751,0.00000000,4,0.78539819,1
0.497000,0.26439065,0.99999511,-0.00000751,0.00000000,4,0.78539819,1
0.498000,0.26539063,0.99999511,-0.00000751,0.00000000,4,0.78539819,1
0.499000,0.26639062,0.99999511,-0.00000751,0.00000000,4,0.78539819,1
0.500000,0.26739061,0.99999511,-0.00000751,0.00000000,4,0.78539819,1
0.501000,0.26839060,0.99999511,-0.00000751,0.00000000,4,0.78539819,1
0.502000,0.26939058,0.99999511,-0.00000751,0.00000000,4,0.78539819,1
0.503000,0.27039057,0.99999511,-0.00000751,0.00000000,4,0.78539819,1
0.504000,0.27139056,0.99999511,-0.00000751,0.00000000,4,0.78539819,1
0.505000,0.27239054,0.99999511,-0.00000751,0.00000000,4,0.78539819,1
0.506000,0.27339053,0.99999511,-0.00000751,0.00000000,4,0.78539819,1
0.507000,0.27439052,0.99999511,-0.00000751,0.00000000,4,0.78539819,1
0.508000,0.27539051,0.99999511,-0.00000751,0.00000000,4,0.78539819,1
0.509000,0.27639049,0.99999511,-0.00000751,0.00000000,4,0.78539819,1
0.510000,0.27739051,0.99999511,-0.00000751,0.00000000,4,0.78539819,1
0.511000,0.27839050,0.99999511,-0.00000751,0.00000000,4,0.78539819,1
0.512000,0.27939048,0.99999511,-0.00000751,0.00000000,4,0.78539819,1
0.513000,0.28039047,0.99999511,-0.00000751,0.00000000,4,0.78539819,1
0.514000,0.28139046,0.99999511,-0.00000751,0.00000000,4,0.78539819,1
0.515000,0.28239045,0.99999511,-0.00000751,0.00000000,4,0.78539819,1
0.516000,0.28339043,0.99999511,-0.00000751,0.00000000,4,0.78539819,1
0.517000,0.28439042,0.99999511,-0.00000751,0.00000000,4,0.78539819,1
0.518000,0.28539041,0.99999511,-0.00000751,0.00000000,4,0.78539819,1
0.519000,0.28639039,0.99999511,-0.00000751,0.00000000,4,0.78539819,1
0.520000,0.28739038,0.99999511,-0.00000751,0.00000000,4,0.78539819,1
0.521000,0.28839037,0.99999511,-0.00000751,0.00000000,4,0.78539819,1
0.522000,0.28939036,0.99999511,-0.00000751,0.00000000,4,0.78539819,1
0.523000,0.29039034,0.99999511,-0.00000751,0.00000000,4,0.78539819,1
0.524000,0.29139033,0.99999511,-0.00000751,0.00000000,4,0.78539819,1
0.525000,0.29239032,0.99999511,-0.00000751,0.00000000,4,0.78539819,1
0.526000,0.29339030,0.99999511,-0.00000751,0.00000000,4,0.78539819,1
0.527000,0.29439029,0.99999511,-0.00000751,0.00000000,4,0.78539819,1
0.528000,0.29539028,0.99999511,-0.00000751,0.00000000,4,0.78539819,1
0.529000,0.29639027,0.99999511,-0.00000751,0.00000000,4,0.78539819,1
0.530000,0.29739025,0.99999511,-0.00000751,0.00000000,4,0.78539819,1
0.531000,0.29839024,0.99999511,-0.00000751,0.00000000,4,0.78539819,1
0.532000,0.29939023,0.99999511,-0.00000751,0.00000000,4,0.78539819,1
0.533000,0.30039021,0.99999511,-0.00000751,0.00000000,4,0.78539819,1
0.534000,0.30139020,0.99999511,-0.00000751,0.00000000,4,0.78539819,1
0.535000,0.30239019,0.99999511,-0.00000751,0.00000000,4,0.78539819,1
0.536000,0.30339018,0.99999511,-0.00000751,0.00000000,4,0.78539819,1
0.537000,0.30439016,0.99999511,-0.00000751,0.00000000,4,0.78539819,1
0.538000,0.30539015,0.99999511,-0.00000751,0.00000000,4,0.78539819,1
0.539000,0.30639014,0.99999511,-0.00000751,0.00000000,4,0.78539819,1
0.540000,0.30739012,0.99999511,-0.00000751,0.00000000,4,0.78539819,1
0.541000,0.30839011,0.99999511,-0.00000751,0.00000000,4,0.78539819,1
0.542000,0.30939010,0.99999511,-0.00000751,0.00000000,4,0.78539819,1
0.543000,0.31039008,0.99999511,-0.00000751,0.00000000,4,0.78539819,1
0.544000,0.31139007,0.99999511,-0.00000751,0.00000000,4,0.78539819,1
0.545000,0.31239006,0.99999511,-0.00000751,0.00000000,4,0.78539819,1
0.546000,0.31339005,0.99999511,-0.00000751,0.00000000,4,0.78539819,1
0.547000,0.31439003,0.99999511,-0.00000751,0.00000000,4,0.78539819,1
0.548000,0.31539002,0.99999511,-0.00000751,0.00000000,4,0.78539819,1
0.549000,0.31639001,0.99999511,-0.00000751,0.00000000,4,0.78539819,1
0.550000,0.31738999,0.99999511,-0.00000751,0.00000000,4,0.78539819,1
0.551000,0.31838998,0.99999511,-0.00000751,0.00000000,4,0.78539819,1
0.552000,0.31938997,0.99999511,-0.00000751,0.00000000,4,0.78539819,1
0.553000,0.32038996,0.99999511,-0.00000751,0.00000000,4,0.78539819,1
0.554000,0.32138994,0.99999511,-0.00000751,0.00000000,4,0.78539819,1
0.555000,0.32238993,0.99999511,-0.00000751,0.00000000,4,0.78539819,1
0.556000,0.32338992,0.99999511,-0.00000751,0.00000000,4,0.78539819,1
0.557000,0.32438990,0.99999511,-0.00000751,0.00000000,4,0.78539819,1
0.558000,0.32538989,0.99999511,-0.00000751,0.00000000,4,0.78539819,1
0.559000,0.32638988,0.99999511,-0.00000751,0.00000000,4,0.78539819,1
0.560000,0.32738987,0.99999511,-0.00000751,0.00000000,4,0.78539819,1
0.561000,0.32838985,0.99999511,-0.00000751,0.00000000,4,0.78539819,1
0.562000,0.32938984,0.99999511,-0.00000751,0.00000000,4,0.78539819,1
0.563000,0.33038983,0.99999511,-0.00000751,0.00000000,4,0.78539819,1
0.564000,0.33138981,0.99999511,-0.00000751,0.00000000,4,0.78539819,1
0.565000,0.33238980,0.99999511,-0.00000751,0.00000000,4,0.78539819,1
0.566000,0.33338979,0.99999511,-0.00000751,0.00000000,4,0.78539819,1
0.567000,0.33438978,0.99999511,-0.00000751,0.00000000,4,0.78539819,1
0.568000,0.33538976,0.99999511,-0.00000751,0.00000000,4,0.78539819,1
0.569000,0.33638975,0.99999511,-0.00000751,0.00000000,4,0.78539819,1
0.570000,0.33738974,0.99999511,-0.00000751,0.00000000,4,0.78539819,1
0.571000,0.33838972,0.99999511,-0.00000751,0.00000000,4,0.78539819,1
0.572000,0.33938971,0.99999511,-0.00000751,0.00000000,4,0.78539819,1
0.573000,0.34038970,0.99999511,-0.00000751,0.00000000,4,0.78539819,1
0.574000,0.34138969,0.99999511,-0.00000751,0.00000000,4,0.78539819,1
0.575000,0.34238967,0.99999511,-0.00000751,0.00000000,4,0.78539819,1
0.576000,0.34338966,0.99999511,-0.00000751,0.00000000,4,0.78539819,1
0.577000,0.34438965,0.99999511,-0.00000751,0.00000000,4,0.78539819,1
0.578000,0.34538963,0.99999511,-0.00000751,0.00000000,4,0.78539819,1
0.579000,0.34638962,0.99999511,-0.00000751,0.00000000,4,0.78539819,1
0.580000,0.34738961,0.99999511,-0.00000751,0.00000000,4,0.78539819,1
0.581000,0.34838960,0.99999511,-0.00000751,0.00000000,4,0.78539819,1
0.582000,0.34938958,0.99999511,-0.00000751,0.00000000,4,0.78539819,1
0.583000,0.35038957,0.99999511,-0.00000751,0.00000000,4,0.78539819,1
0.584000,0.35138956,0.99999511,-0.00000751,0.00000000,4,0.78539819,1
0.585000,0.35238954,0.99999511,-0.00000751,0.00000000,4,0.78539819,1
0.586000,0.35338953,0.99999511,-0.00000751,0.00000000,4,0.78539819,1
0.587000,0.35438952,0.99999511,-0.00000751,0.00000000,4,0.78539819,1
0.588000,0.35538951,0.99999511,-0.00000751,0.00000000,4,0.78539819,1
0.589000,0.35638949,0.99999511,-0.00000751,0.00000000,4,0.78539819,1
0.590000,0.35738948,0.99999511,-0.00000751,0.00000000,4,0.78539819,1
0.591000,0.35838947,0.99999511,-0.00000751,0.00000000,4,0.78539819,1
0.592000,0.35938945,0.99999511,-0.00000751,0.00000000,4,0.78539819,1
0.593000,0.36038944,0.99999511,-0.00000751,0.00000000,4,0.78539819,1
0.594000,0.36138943,0.99999511,-0.00000751,0.00000000,4,0.78539819,1
0.595000,0.36238942,0.99999511,-0.00000751,0.00000000,4,0.78539819,1
0.596000,0.36338940,0.99999511,-0.00000751,0.00000000,4,0.78539819,1
0.597000,0.36438939,0.99999511,-0.00000751,0.00000000,4,0.78539819,1
0.598000,0.36538938,0.99999511,-0.00000751,0.00000000,4,0.78539819,1
0.599000,0.36638936,0.99999511,-0.00000751,0.00000000,4,0.78539819,1
0.600000,0.36738935,0.99999511,-0.00000751,0.00000000,4,0.78539819,1
0.601000,0.36838934,0.99999511,-0.00000751,0.00000000,4,0.78539819,1
0.602000,0.36938933,0.99999511,-0.00000751,0.00000000,4,0.78539819,1
0.603000,0.37038931,0.99999511,-0.00000751,0.00000000,4,0.78539819,1
0.604000,0.37138930,0.99999511,-0.00000751,0.00000000,4,0.78539819,1
0.605000,0.37238929,0.99999511,-0.00000751,0.00000000,4,0.78539819,1
0.606000,0.37338927,0.99999511,-0.00000751,0.00000000,4,0.78539819,1
0.607000,0.37438926,0.99999511,-0.00000751,0.00000000,4,0.78539819,1
0.608000,0.37538925,0.99999511,-0.00000751,0.00000000,4,0.78539819,1
0.609000,0.37638924,0.99999511,-0.00000751,0.00000000,4,0.78539819,1
0.610000,0.37738922,0.99999511,-0.00000751,0.00000000,4,0.78539819,1
0.611000,0.37838921,0.99999511,-0.00000751,0.00000000,4,0.78539819,1
0.612000,0.37938920,0.99999511,-0.00000751,0.00000000,4,0.78539819,1
0.613000,0.38038918,0.99999511,-0.00000751,0.00000000,4,0.78539819,1
0.614000,0.38138917,0.99999511,-0.00000751,0.00000000,4,0.78539819,1
0.615000,0.38238916,0.99999511,-0.00000751,0.00000000,4,0.78539819,1
0.616000,0.38338915,0.99999511,-0.00000751,0.00000000,4,0.78539819,1
0.617000,0.38438913,0.99999511,-0.00000751,0.00000000,4,0.78539819,1
0.618000,0.38538912,0.99999511,-0.00000751,0.00000000,4,0.78539819,1
0.619000,0.38638911,0.99999511,-0.00000751,0.00000000,4,0.78539819,1
0.620000,0.38738909,0.99999511,-0.00000751,0.00000000,4,0.78539819,1
0.621000,0.38838908,0.99999511,-0.00000751,0.00000000,4,0.78539819,1
0.622000,0.38938907,0.99999511,-0.00000751,0.00000000,4,0.78539819,1
0.623000,0.39038906,0.99999511,-0.00000751,0.00000000,4,0.78539819,1
0.624000,0.39138904,0.99999511,-0.00000751,0.00000000,4,0.78539819,1
0.625000,0.39238903,0.99999511,-0.00000751,0.00000000,4,0.78539819,1
0.626000,0.39338902,0.99999511,-0.00000751,0.00000000,4,0.78539819,1
0.627000,0.39438900,0.99999511,-0.00000751,0.00000000,4,0.78539819,1
0.628000,0.39538899,0.99999511,-0.00000751,0.00000000,4,0.78539819,1
0.629000,0.39638898,0.99999511,-0.00000751,0.00000000,4,0.78539819,1
0.630000,0.39738896,0.99999511,-0.00000751,0.00000000,4,0.78539819,1
0.631000,0.39838895,0.99999511,-0.00000751,0.00000000,4,0.78539819,1
0.632000,0.39938894,0.99999511,-0.00000751,0.00000000,4,0.78539819,1
0.633000,0.40038893,0.99999511,-0.00000751,0.00000000,4,0.78539819,1
0.634000,0.40138891,0.99999511,-0.00000751,0.00000000,4,0.78539819,1
0.635000,0.40238890,0.99999511,-0.00000751,0.00000000,4,0.78539819,1
0.636000,0.40338889,0.99999511,-0.00000751,0.00000000,4,0.78539819,1
0.637000,0.40438887,0.99999511,-0.00000751,0.00000000,4,0.78539819,1
0.638000,0.40538886,0.99999511,-0.00000751,0.00000000,4,0.78539819,1
0.639000,0.40638885,0.99999511,-0.00000751,0.00000000,4,0.78539819,1
0.640000,0.40738884,0.99999511,-0.00000751,0.00000000,4,0.78539819,1
0.641000,0.40838882,0.99999511,-0.00000751,0.00000000,4,0.78539819,1
0.642000,0.40938881,0.99999511,-0.00000751,0.00000000,4,0.78539819,1
0.643000,0.41038880,0.99999511,-0.00000751,0.00000000,4,0.78539819,1
0.644000,0.41138878,0.99999511,-0.00000751,0.00000000,4,0.78539819,1
0.645000,0.41238877,0.99999511,-0.00000751,0.00000000,4,0.78539819,1
0.646000,0.41338876,0.99999511,-0.00000751,0.00000000,4,0.78539819,1
0.647000,0.41438875,0.99999511,-0.00000751,0.00000000,4,0.78539819,1
0.648000,0.41538873,0.99999511,-0.00000751,0.00000000,4,0.78539819,1
0.649000,0.41638872,0.99999511,-0.00000751,0.00000000,4,0.78539819,1
0.650000,0.41738871,0.99999511,-0.00000751,0.00000000,4,0.78539819,1
0.651000,0.41838869,0.99999511,-0.00000751,0.00000000,4,0.78539819,1
0.652000,0.41938868,0.99999511,-0.00000751,0.00000000,4,0.78539819,1
0.653000,0.42038867,0.99999511,-0.00000751,0.00000000,4,0.78539819,1
0.654000,0.42138866,0.99999511,-0.00000751,0.00000000,4,0.78539819,1
0.655000,0.42238864,0.99999511,-0.00000751,0.00000000,4,0.78539819,1
0.656000,0.42338863,0.99999511,-0.00000751,0.00000000,4,0.78539819,1
0.657000,0.42438862,0.99999511,-0.00000751,0.00000000,4,0.78539819,1
0.658000,0.42538860,0.99999511,-0.00000751,0.00000000,4,0.78539819,1
0.659000,0.42638859,0.99999511,-0.00000751,0.00000000,4,0.78539819,1
0.660000,0.42738858,0.99999511,-0.00000751,0.00000000,4,0.78539819,1
0.661000,0.42838857,0.99999511,-0.00000751,0.00000000,4,0.78539819,1
0.662000,0.42938855,0.99999511,-0.00000751,0.00000000,4,0.78539819,1
0.663000,0.43038854,0.99999511,-0.00000751,0.00000000,4,0.78539819,1
0.664000,0.43138853,0.99999511,-0.00000751,0.00000000,4,0.78539819,1
0.665000,0.43238851,0.99999511,-0.00000751,0.00000000,4,0.78539819,1
0.666000,0.43338850,0.99999511,-0.00000751,0.00000000,4,0.78539819,1
0.667000,0.43438849,0.99999511,-0.00000751,0.00000000,4,0.78539819,1
0.668000,0.43538848,0.99999511,-0.00000751,0.00000000,4,0.78539819,1
0.669000,0.43638846,0.99999511,-0.00000751,0.00000000,4,0.78539819,1
0.670000,0.43738845,0.99999511,-0.00000751,0.00000000,4,0.78539819,1
0.671000,0.43838844,0.99999511,-0.00000751,0.00000000,4,0.78539819,1
0.672000,0.43938842,0.99999511,-0.00000751,0.00000000,4,0.78539819,1
0.673000,0.44038841,0.99999511,-0.00000751,0.00000000,4,0.78539819,1
0.674000,0.44138840,0.99999511,-0.00000751,0.00000000,4,0.78539819,1
0.675000,0.44238839,0.99999511,-0.00000751,0.00000000,4,0.78539819,1
0.676000,0.44338837,0.99999511,-0.00000751,0.00000000,4,0.78539819,1
0.677000,0.44438836,0.99999511,-0.00000751,0.00000000,4,0.78539819,1
0.678000,0.44538835,0.99999511,-0.00000751,0.00000000,4,0.78539819,1
0.679000,0.44638833,0.99999511,-0.00000751,0.00000000,4,0.78539819,1
0.680000,0.44738832,0.99999511,-0.00000751,0.00000000,4,0.78539819,1
0.681000,0.44838831,0.99999511,-0.00000751,0.00000000,4,0.78539819,1
0.682000,0.44938830,0.99999511,-0.00000751,0.00000000,4,0.78539819,1
0.683000,0.45038828,0.99999511,-0.00000751,0.00000000,4,0.78539819,1
0.684000,0.45138827,0.99999511,-0.00000751,0.00000000,4,0.78539819,1
0.685000,0.45238826,0.99999511,-0.00000751,0.00000000,4,0.78539819,1
0.686000,0.45338824,0.99999511,-0.00000751,0.00000000,4,0.78539819,1
0.687000,0.45438823,0.99999511,-0.00000751,0.00000000,4,0.78539819,1
0.688000,0.45538822,0.99999511,-0.00000751,0.00000000,4,0.78539819,1
0.689000,0.45638821,0.99999511,-0.00000751,0.00000000,4,0.78539819,1
0.690000,0.45738819,0.99999511,-0.00000751,0.00000000,4,0.78539819,1
0.691000,0.45838818,0.99999511,-0.00000751,0.00000000,4,0.78539819,1
0.692000,0.45938817,0.99999511,-0.00000751,0.00000000,4,0.78539819,1
0.693000,0.46038815,0.99999511,-0.00000751,0.00000000,4,0.78539819,1
0.694000,0.46138814,0.99999511,-0.00000751,0.00000000,4,0.78539819,1
0.695000,0.46238813,0.99999511,-0.00000751,0.00000000,4,0.78539819,1
0.696000,0.46338812,0.99999511,-0.00000751,0.00000000,4,0.78539819,1
0.697000,0.46438810,0.99999511,-0.00000751,0.00000000,4,0.78539819,1
0.698000,0.46538809,0.99999511,-0.00000751,0.00000000,4,0.78539819,1
0.699000,0.46638808,0.99999511,-0.00000751,0.00000000,4,0.78539819,1
0.700000,0.46738806,0.99999511,-0.00000751,0.00000000,4,0.78539819,1
0.701000,0.46838805,0.99999511,-0.00000751,0.00000000,4,0.78539819,1
0.702000,0.46938804,0.99999511,-0.00000751,0.00000000,4,0.78539819,1
0.703000,0.47038803,0.99999511,-0.00000751,0.00000000,4,0.78539819,1
0.704000,0.47138801,0.99999511,-0.00000751,0.00000000,4,0.78539819,1
0.705000,0.47238800,0.99999511,-0.00000751,0.00000000,4,0.78539819,1
0.706000,0.47338799,0.99999511,-0.00000751,0.00000000,4,0.78539819,1
0.707000,0.47438797,0.99999511,-0.00000751,0.00000000,4,0.78539819,1
0.708000,0.47538796,0.99999511,-0.00000751,0.00000000,4,0.78539819,1
0.709000,0.47638795,0.99999511,-0.00000751,0.00000000,4,0.78539819,1
0.710000,0.47738793,0.99999511,-0.00000751,0.00000000,4,0.78539819,1
0.711000,0.47838792,0.99999511,-0.00000751,0.00000000,4,0.78539819,1
0.712000,0.47938791,0.99999511,-0.00000751,0.00000000,4,0.78539819,1
0.713000,0.48038790,0.99999511,-0.00000751,0.00000000,4,0.78539819,1
0.714000,0.48138788,0.99999511,-0.00000751,0.00000000,4,0.78539819,1
0.715000,0.48238787,0.99999511,-0.00000751,0.00000000,4,0.78539819,1
0.716000,0.48338786,0.99999511,-0.00000751,0.00000000,4,0.78539819,1
0.717000,0.48438784,0.99999511,-0.00000751,0.00000000,4,0.78539819,1
0.718000,0.48538783,0.99999511,-0.00000751,0.00000000,4,0.78539819,1
0.719000,0.48638782,0.99999511,-0.00000751,0.00000000,4,0.78539819,1
0.720000,0.48738781,0.99999511,-0.00000751,0.00000000,4,0.78539819,1
0.721000,0.48838779,0.99999511,-0.00000751,0.00000000,4,0.78539819,1
0.722000,0.48938778,0.99999511,-0.00000751,0.00000000,4,0.78539819,1
0.723000,0.49038777,0.99999511,-0.00000751,0.00000000,4,0.78539819,1
0.724000,0.49138775,0.99999511,-0.00000751,0.00000000,4,0.78539819,1
0.725000,0.49238774,0.99999511,-0.00000751,0.00000000,4,0.78539819,1
0.726000,0.49338773,0.99999511,-0.00000751,0.00000000,4,0.78539819,1
0.727000,0.49438772,0.99999511,-0.00000751,0.00000000,4,0.78539819,1
0.728000,0.49538770,0.99999511,-0.00000751,0.00000000,4,0.78539819,1
0.729000,0.49638769,0.99999511,-0.00000751,0.00000000,4,0.78539819,1
0.730000,0.49738768,0.99999511,-0.00000751,0.00000000,4,0.78539819,1
0.731000,0.49838766,0.99999511,-0.00000751,0.00000000,4,0.78539819,1
0.732000,0.49938765,0.99999511,-0.00000751,0.00000000,4,0.78539819,1
0.733000,0.50038761,0.99999511,-0.00000751,0.00000000,4,0.78539819,1
0.734000,0.50138760,0.99999511,-0.00000751,0.00000000,4,0.78539819,1
0.735000,0.50238758,0.99999511,-0.00000751,0.00000000,4,0.78539819,1
0.736000,0.50338757,0.99999511,-0.00000751,0.00000000,4,0.78539819,1
0.737000,0.50438756,0.99999511,-0.00000751,0.00000000,4,0.78539819,1
0.738000,0.50538754,0.99999511,-0.00000751,0.00000000,4,0.78539819,1
0.739000,0.50638753,0.99999511,-0.00000751,0.00000000,4,0.78539819,1
0.740000,0.50738752,0.99999511,-0.00000751,0.00000000,4,0.78539819,1
0.741000,0.50838751,0.99999511,-0.00000751,0.00000000,4,0.78539819,1
0.742000,0.50938749,0.99999511,-0.00000751,0.00000000,4,0.78539819,1
0.743000,0.51038748,0.99999511,-0.00000751,0.00000000,4,0.78539819,1
0.744000,0.51138747,0.99999511,-0.00000751,0.00000000,4,0.78539819,1
0.745000,0.51238745,0.99999511,-0.00000751,0.00000000,4,0.78539819,1
0.746000,0.51338744,0.99999511,-0.00000751,0.00000000,4,0.78539819,1
0.747000,0.51438743,0.99999511,-0.00000751,0.00000000,4,0.78539819,1
0.748000,0.51538742,0.99999511,-0.00000751,0.00000000,4,0.78539819,1
0.749000,0.51638740,0.99999511,-0.00000751,0.00000000,4,0.78539819,1
0.750000,0.51738739,0.99999511,-0.00000751,0.00000000,4,0.78539819,1
0.751000,0.51838738,0.99999511,-0.00000751,0.00000000,4,0.78539819,1
0.752000,0.51938736,0.99999511,-0.00000751,0.00000000,4,0.78539819,1
0.753000,0.52038735,0.99999511,-0.00000751,0.00000000,4,0.78539819,1
0.754000,0.52138734,0.99999511,-0.00000751,0.00000000,4,0.78539819,1
0.755000,0.52238733,0.99999511,-0.00000751,0.00000000,4,0.78539819,1
0.756000,0.52338731,0.99999511,-0.00000751,0.00000000,4,0.78539819,1
0.757000,0.52438730,0.99999511,-0.00000751,0.00000000,4,0.78539819,1
0.758000,0.52538729,0.99999511,-0.00000751,0.00000000,4,0.78539819,1
0.759000,0.52638727,0.99999511,-0.00000751,0.00000000,4,0.78539819,1
0.760000,0.52738726,0.99999511,-0.00000751,0.00000000,4,0.78539819,1
0.761000,0.52838725,0.99999511,-0.00000751,0.00000000,4,0.78539819,1
0.762000,0.52938724,0.99999511,-0.00000751,0.00000000,4,0.78539819,1
0.763000,0.53038722,0.99999511,-0.00000751,0.00000000,4,0.78539819,1
0.764000,0.53138721,0.99999511,-0.00000751,0.00000000,4,0.78539819,1
0.765000,0.53238720,0.99999511,-0.00000751,0.00000000,4,0.78539819,1
0.766000,0.53338718,0.99999511,-0.00000751,0.00000000,4,0.78539819,1
0.767000,0.53438717,0.99999511,-0.00000751,0.00000000,4,0.78539819,1
0.768000,0.53538716,0.99999511,-0.00000751,0.00000000,4,0.78539819,1
0.769000,0.53638715,0.99999511,-0.00000751,0.00000000,4,0.78539819,1
0.770000,0.53738713,0.99999511,-0.00000751,0.00000000,4,0.78539819,1
0.771000,0.53838712,0.99999511,-0.00000751,0.00000000,4,0.78539819,1
0.772000,0.53938711,0.99999511,-0.00000751,0.00000000,4,0.78539819,1
0.773000,0.54038709,0.99999511,-0.00000751,0.00000000,4,0.78539819,1
0.774000,0.54138708,0.99999511,-0.00000751,0.00000000,4,0.78539819,1
0.775000,0.54238707,0.99999511,-0.00000751,0.00000000,4,0.78539819,1
0.776000,0.54338706,0.99999511,-0.00000751,0.00000000,4,0.78539819,1
0.777000,0.54438704,0.99999511,-0.00000751,0.00000000,4,0.78539819,1
0.778000,0.54538703,0.99999511,-0.00000751,0.00000000,4,0.78539819,1
0.779000,0.54638702,0.99999511,-0.00000751,0.00000000,4,0.78539819,1
0.780000,0.54738700,0.99999511,-0.00000751,0.00000000,4,0.78539819,1
0.781000,0.54838699,0.99999511,-0.00000751,0.00000000,4,0.78539819,1
0.782000,0.54938698,0.99999511,-0.00000751,0.00000000,4,0.78539819,1
0.783000,0.55038697,0.99999511,-0.00000751,0.00000000,4,0.78539819,1
0.784000,0.55138695,0.99999511,-0.00000751,0.00000000,4,0.78539819,1
0.785000,0.55238694,0.99999511,-0.00000751,0.00000000,4,0.78539819,1
0.786000,0.55338693,0.99999511,-0.00000751,0.00000000,4,0.78539819,1
0.787000,0.55438691,0.99999511,-0.00000751,0.00000000,4,0.78539819,1
0.788000,0.55538690,0.99999511,-0.00000751,0.00000000,4,0.78539819,1
0.789000,0.55638689,0.99999511,-0.00000751,0.00000000,4,0.78539819,1
0.790000,0.55738688,0.99999511,-0.00000751,0.00000000,4,0.78539819,1
0.791000,0.55838686,0.99999511,-0.00000751,0.00000000,4,0.78539819,1
0.792000,0.55938685,0.99999511,-0.00000751,0.00000000,4,0.78539819,1
0.793000,0.56038684,0.99999511,-0.00000751,0.00000000,4,0.78539819,1
0.794000,0.56138682,0.99999511,-0.00000751,0.00000000,4,0.78539819,1
0.795000,0.56238681,0.99999160,-0.01191175,-20.00000000,5,0.78539819,1
0.796000,0.56338680,0.99996966,-0.03191149,-20.00000000,5,0.78539819,1
0.797000,0.56438673,0.99992776,-0.05191123,-20.00000000,5,0.78539819,1
0.798000,0.56538665,0.99986583,-0.07191098,-20.00000000,5,0.78539819,1
0.799000,0.56638646,0.99978393,-0.09191072,-20.00000000,5,0.78539819,1
0.800000,0.56738615,0.99968201,-0.11191046,-20.00000000,5,0.78539819,1
0.801000,0.56838578,0.99956006,-0.13191020,-20.00000000,5,0.78539819,1
0.802000,0.56938529,0.99941814,-0.15190995,-20.00000000,5,0.78539819,1
0.803000,0.57038462,0.99925619,-0.17190969,-20.00000000,5,0.78539819,1
0.804000,0.57138383,0.99907428,-0.19190943,-20.00000000,5,0.78539819,1
0.805000,0.57238275,0.99887234,-0.21190917,-20.00000000,5,0.78539819,1
0.806000,0.57338148,0.99865043,-0.23190892,-20.00000000,5,0.78539819,1
0.807000,0.57437998,0.99840850,-0.25190866,-20.00000000,5,0.78539819,1
0.808000,0.57537824,0.99814659,-0.27190840,-20.00000000,5,0.78539819,1
0.809000,0.57637626,0.99786466,-0.29190814,-20.00000000,5,0.78539819,1
0.810000,0.57737398,0.99756277,-0.31190789,-20.00000000,5,0.78539819,1
0.811000,0.57837135,0.99724084,-0.33190763,-20.00000000,5,0.78539819,1
0.812000,0.57936841,0.99689895,-0.35190737,-20.00000000,5,0.78539819,1
0.813000,0.58036512,0.99653703,-0.37190711,-20.00000000,5,0.78539819,1
0.814000,0.58136147,0.99615514,-0.39190686,-20.00000000,5,0.78539819,1
0.815000,0.58235741,0.99575323,-0.41190660,-20.00000000,5,0.78539819,1
0.816000,0.58335298,0.99533129,-0.43190634,-20.00000000,5,0.78539819,1
0.817000,0.58434808,0.99488938,-0.45190609,-20.00000000,5,0.78539819,1
0.818000,0.58534271,0.99442744,-0.47190583,-20.00000000,5,0.78539819,1
0.819000,0.58633691,0.99394554,-0.49190557,-20.00000000,5,0.78539819,1
0.820000,0.58733058,0.99344361,-0.51190531,-20.00000000,5,0.78539819,1
0.821000,0.58832377,0.99292171,-0.53190506,-20.00000000,5,0.78539819,1
0.822000,0.58931643,0.99237978,-0.55190480,-20.00000000,5,0.78539819,1
0.823000,0.59030849,0.99181789,-0.57190454,-20.00000000,5,0.78539819,1
0.824000,0.59130001,0.99123597,-0.59190428,-20.00000000,5,0.78539819,1
0.825000,0.59229094,0.99063408,-0.61190403,-20.00000000,5,0.78539819,1
0.826000,0.59328127,0.99001217,-0.63190377,-20.00000000,5,0.78539819,1
0.827000,0.59427094,0.98937029,-0.65190351,-20.00000000,5,0.78539819,1
0.828000,0.59526002,0.98870838,-0.67190325,-20.00000000,5,0.78539819,1
0.829000,0.59624839,0.98802644,-0.69190300,-20.00000000,5,0.78539819,1
0.830000,0.59723604,0.98732454,-0.71190274,-20.00000000,5,0.78539819,1
0.831000,0.59822297,0.98660260,-0.73190248,-20.00000000,5,0.78539819,1
0.832000,0.59920919,0.98586071,-0.75190222,-20.00000000,5,0.78539819,1
0.833000,0.60019469,0.98509878,-0.77190197,-20.00000000,5,0.78539819,1
0.834000,0.60117942,0.98431689,-0.79190171,-20.00000000,5,0.78539819,1
0.835000,0.60216331,0.98351496,-0.81190145,-20.00000000,5,0.78539819,1
0.836000,0.60314637,0.98269308,-0.83190119,-20.00000000,5,0.78539819,1
0.837000,0.60412866,0.98185116,-0.85190094,-20.00000000,5,0.78539819,1
0.838000,0.60511011,0.98098928,-0.87190068,-20.00000000,5,0.78539819,1
0.839000,0.60609066,0.98010737,-0.89190042,-20.00000000,5,0.78539819,1
0.840000,0.60707033,0.97920549,-0.91190016,-20.00000000,5,0.78539819,1
0.841000,0.60804904,0.97828358,-0.93189991,-20.00000000,5,0.78539819,1
0.842000,0.60902685,0.97734171,-0.95189965,-20.00000000,5,0.78539819,1
0.843000,0.61000371,0.97637981,-0.97189939,-20.00000000,5,0.78539819,1
0.844000,0.61097962,0.97539788,-0.99189913,-20.00000000,5,0.78539819,1
0.845000,0.61195451,0.97439599,-1.01189888,-20.00000000,5,0.78539819,1
0.846000,0.61292839,0.97337407,-1.03189862,-20.00000000,5,0.78539819,1
0.847000,0.61390120,0.97233218,-1.05189836,-20.00000000,5,0.78539819,1
0.848000,0.61487299,0.97127026,-1.07189810,-20.00000000,5,0.78539819,1
0.849000,0.61584371,0.97018838,-1.09189785,-20.00000000,5,0.78539819,1
0.850000,0.61681336,0.96908647,-1.11189759,-20.00000000,5,0.78539819,1
0.851000,0.61778188,0.96796459,-1.13189733,-20.00000000,5,0.78539819,1
0.852000,0.61874932,0.96682268,-1.15189707,-20.00000000,5,0.78539819,1
0.853000,0.61971551,0.96566081,-1.17189682,-20.00000000,5,0.78539819,1
0.854000,0.62068057,0.96447891,-1.19189656,-20.00000000,5,0.78539819,1
0.855000,0.62164444,0.96327704,-1.21189630,-20.00000000,5,0.78539819,1
0.856000,0.62260711,0.96205515,-1.23189604,-20.00000000,5,0.78539819,1
0.857000,0.62356853,0.96081322,-1.25189579,-20.00000000,5,0.78539819,1
0.858000,0.62452871,0.95955133,-1.27189553,-20.00000000,5,0.78539819,1
0.859000,0.62548757,0.95826942,-1.29189527,-20.00000000,5,0.78539819,1
0.860000,0.62644517,0.95696753,-1.31189501,-20.00000000,5,0.78539819,1
0.861000,0.62740147,0.95564562,-1.33189476,-20.00000000,5,0.78539819,1
0.862000,0.62835646,0.95430374,-1.35189450,-20.00000000,5,0.78539819,1
0.863000,0.62931007,0.95294183,-1.37189424,-20.00000000,5,0.78539819,1
0.864000,0.63026232,0.95155996,-1.39189398,-20.00000000,5,0.78539819,1
0.865000,0.63121313,0.95015806,-1.41189373,-20.00000000,5,0.78539819,1
0.866000,0.63216257,0.94873619,-1.43189347,-20.00000000,5,0.78539819,1
0.867000,0.63311058,0.94729429,-1.45189321,-20.00000000,5,0.78539819,1
0.868000,0.63405716,0.94583243,-1.47189295,-20.00000000,5,0.78539819,1
0.869000,0.63500226,0.94435054,-1.49189270,-20.00000000,5,0.78539819,1
0.870000,0.63594580,0.94284868,-1.51189244,-20.00000000,5,0.78539819,1
0.871000,0.63688785,0.94132680,-1.53189218,-20.00000000,5,0.78539819,1
0.872000,0.63782841,0.93978488,-1.55189192,-20.00000000,5,0.78539819,1
0.873000,0.63876742,0.93822300,-1.57189167,-20.00000000,5,0.78539819,1
0.874000,0.63970488,0.93664110,-1.59189141,-20.00000000,5,0.78539819,1
0.875000,0.64064074,0.93503922,-1.61189115,-20.00000000,5,0.78539819,1
0.876000,0.64157492,0.93341732,-1.63189089,-20.00000000,5,0.78539819,1
0.877000,0.64250749,0.93177545,-1.65189064,-20.00000000,5,0.78539819,1
0.878000,0.64343840,0.93011355,-1.67189038,-20.00000000,5,0.78539819,1
0.879000,0.64436769,0.92843169,-1.69189012,-20.00000000,5,0.78539819,1
0.880000,0.64529526,0.92672980,-1.71188986,-20.00000000,5,0.78539819,1
0.881000,0.64622116,0.92500794,-1.73188961,-20.00000000,5,0.78539819,1
0.882000,0.64714527,0.92326605,-1.75188935,-20.00000000,5,0.78539819,1
0.883000,0.64806765,0.92150420,-1.77188909,-20.00000000,5,0.78539819,1
0.884000,0.64898825,0.91972232,-1.79188883,-20.00000000,5,0.78539819,1
0.885000,0.64990705,0.91792041,-1.81188858,-20.00000000,5,0.78539819,1
0.886000,0.65082407,0.91609854,-1.83188832,-20.00000000,5,0.78539819,1
0.887000,0.65173924,0.91425663,-1.85188806,-20.00000000,5,0.78539819,1
0.888000,0.65265250,0.91239476,-1.87188780,-20.00000000,5,0.78539819,1
0.889000,0.65356392,0.91051286,-1.89188755,-20.00000000,5,0.78539819,1
0.890000,0.65447348,0.90861100,-1.91188729,-20.00000000,5,0.78539819,1
0.891000,0.65538114,0.90668911,-1.93188703,-20.00000000,5,0.78539819,1
0.892000,0.65628690,0.90474725,-1.95188677,-20.00000000,5,0.78539819,1
0.893000,0.65719068,0.90278536,-1.97188652,-20.00000000,5,0.78539819,1
0.894000,0.65809244,0.90080351,-1.99188626,-20.00000000,5,0.78539819,1
0.895000,0.65899223,0.89880162,-2.01188612,-20.00000000,5,0.78539819,1
0.896000,0.65989000,0.89677978,-2.03188586,-20.00000000,5,0.78539819,1
0.897000,0.66078573,0.89473790,-2.05188560,-20.00000000,5,0.78539819,1
0.898000,0.66167945,0.89267606,-2.07188535,-20.00000000,5,0.78539819,1
0.899000,0.66257107,0.89059418,-2.09188509,-20.00000000,5,0.78539819,1
0.900000,0.66346055,0.88849229,-2.11188483,-20.00000000,5,0.78539819,1
0.901000,0.66434795,0.88637042,-2.13188457,-20.00000000,5,0.78539819,1
0.902000,0.66523325,0.88422853,-2.15188432,-20.00000000,5,0.78539819,1
0.903000,0.66611642,0.88206667,-2.17188406,-20.00000000,5,0.78539819,1
0.904000,0.66699737,0.87988478,-2.19188380,-20.00000000,5,0.78539819,1
0.905000,0.66787618,0.87768292,-2.21188354,-20.00000000,5,0.78539819,1
0.906000,0.66875273,0.87546104,-2.23188329,-20.00000000,5,0.78539819,1
0.907000,0.66962707,0.87321919,-2.25188303,-20.00000000,5,0.78539819,1
0.908000,0.67049915,0.87095731,-2.27188277,-20.00000000,5,0.78539819,1
0.909000,0.67136896,0.86867547,-2.29188251,-20.00000000,5,0.78539819,1
0.910000,0.67223650,0.86637360,-2.31188226,-20.00000000,5,0.78539819,1
0.911000,0.67310172,0.86405176,-2.33188200,-20.00000000,5,0.78539819,1
0.912000,0.67396456,0.86170989,-2.35188174,-20.00000000,5,0.78539819,1
0.913000,0.67482507,0.85934800,-2.37188148,-20.00000000,5,0.78539819,1
0.914000,0.67568320,0.85696614,-2.39188123,-20.00000000,5,0.78539819,1
0.915000,0.67653894,0.85456425,-2.41188097,-20.00000000,5,0.78539819,1
0.916000,0.67739230,0.85214239,-2.43188071,-20.00000000,5,0.78539819,1
0.917000,0.67824322,0.84970051,-2.45188046,-20.00000000,5,0.78539819,1
0.918000,0.67909163,0.84723866,-2.47188020,-20.00000000,5,0.78539819,1
0.919000,0.67993760,0.84475678,-2.49187994,-20.00000000,5,0.78539819,1
0.920000,0.68078107,0.84225494,-2.51187968,-20.00000000,5,0.78539819,1
0.921000,0.68162209,0.83973306,-2.53187943,-20.00000000,5,0.78539819,1
0.922000,0.68246055,0.83719122,-2.55187917,-20.00000000,5,0.78539819,1
0.923000,0.68329650,0.83462936,-2.57187891,-20.00000000,5,0.78539819,1
0.924000,0.68412983,0.83204752,-2.59187865,-20.00000000,5,0.78539819,1
0.925000,0.68496054,0.82944566,-2.61187840,-20.00000000,5,0.78539819,1
0.926000,0.68578869,0.82682383,-2.63187814,-20.00000000,5,0.78539819,1
0.927000,0.68661422,0.82418197,-2.65187788,-20.00000000,5,0.78539819,1
0.928000,0.68743706,0.82152009,-2.67187762,-20.00000000,5,0.78539819,1
0.929000,0.68825728,0.81883824,-2.69187737,-20.00000000,5,0.78539819,1
0.930000,0.68907475,0.81613636,-2.71187711,-20.00000000,5,0.78539819,1
0.931000,0.68988949,0.81341451,-2.73187685,-20.00000000,5,0.78539819,1
0.932000,0.69070154,0.81067264,-2.75187659,-20.00000000,5,0.78539819,1
0.933000,0.69151086,0.80791080,-2.77187634,-20.00000000,5,0.78539819,1
0.934000,0.69231737,0.80512893,-2.79187608,-20.00000000,5,0.78539819,1
0.935000,0.69312114,0.80232710,-2.81187582,-20.00000000,5,0.78539819,1
0.936000,0.69392204,0.79950523,-2.83187556,-20.00000000,5,0.78539819,1
0.937000,0.69472009,0.79666340,-2.85187531,-20.00000000,5,0.78539819,1
0.938000,0.69551533,0.79380155,-2.87187505,-20.00000000,5,0.78539819,1
0.939000,0.69630772,0.79091972,-2.89187479,-20.00000000,5,0.78539819,1
0.940000,0.69709718,0.78801787,-2.91187453,-20.00000000,5,0.78539819,1
0.941000,0.69788378,0.78509599,-2.93187428,-20.00000000,5,0.78539819,1
0.942000,0.69866741,0.78215414,-2.95187402,-20.00000000,5,0.78539819,1
0.943000,0.69944805,0.77919227,-2.97187376,-20.00000000,5,0.78539819,1
0.944000,0.70022577,0.77621043,-2.99187350,-20.00000000,5,0.78539819,1
0.945000,0.70100045,0.77320856,-3.01187325,-20.00000000,5,0.78539819,1
0.946000,0.70177215,0.77018672,-3.03187299,-20.00000000,5,0.78539819,1
0.947000,0.70254081,0.76714486,-3.05187273,-20.00000000,5,0.78539819,1
0.948000,0.70330638,0.76408303,-3.07187247,-20.00000000,5,0.78539819,1
0.949000,0.70406890,0.76100117,-3.09187222,-20.00000000,5,0.78539819,1
0.950000,0.70482832,0.75789934,-3.11187196,-20.00000000,5,0.78539819,1
0.951000,0.70558465,0.75477749,-3.13187170,-20.00000000,5,0.78539819,1
0.952000,0.70633787,0.75163567,-3.15187144,-20.00000000,5,0.78539819,1
0.953000,0.70708793,0.74847382,-3.17187119,-20.00000000,5,0.78539819,1
0.954000,0.70783478,0.74529201,-3.19187093,-20.00000000,5,0.78539819,1
0.955000,0.70857847,0.74209017,-3.21187067,-20.00000000,5,0.78539819,1
0.956000,0.70931894,0.73886830,-3.23187041,-20.00000000,5,0.78539819,1
0.957000,0.71005619,0.73562646,-3.25187016,-20.00000000,5,0.78539819,1
0.958000,0.71079022,0.73236459,-3.27186990,-20.00000000,5,0.78539819,1
0.959000,0.71152097,0.72908276,-3.29186964,-20.00000000,5,0.78539819,1
0.960000,0.71224838,0.72578090,-3.31186938,-20.00000000,5,0.78539819,1
0.961000,0.71297246,0.72245908,-3.33186913,-20.00000000,5,0.78539819,1
0.962000,0.71369326,0.71911722,-3.35186887,-20.00000000,5,0.78539819,1
0.963000,0.71441072,0.71575540,-3.37186861,-20.00000000,5,0.78539819,1
0.964000,0.71512479,0.71237355,-3.39186835,-20.00000000,5,0.78539819,1
0.965000,0.71583545,0.70897174,-3.41186810,-20.00000000,5,0.78539819,1
0.966000,0.71654266,0.70554990,-3.43186784,-20.00000000,5,0.78539819,1
0.967000,0.71724647,0.70210809,-3.45186758,-20.00000000,5,0.78539819,1
0.968000,0.71794683,0.69864625,-3.47186732,-20.00000000,5,0.78539819,1
0.969000,0.71864372,0.69516438,-3.49186707,-20.00000000,5,0.78539819,1
0.970000,0.71933717,0.69166255,-3.51186681,-20.00000000,5,0.78539819,1
0.971000,0.72002709,0.68814069,-3.53186655,-20.00000000,5,0.78539819,1
0.972000,0.72071344,0.68459886,-3.55186629,-20.00000000,5,0.78539819,1
0.973000,0.72139627,0.68103701,-3.57186604,-20.00000000,5,0.78539819,1
0.974000,0.72207552,0.67745519,-3.59186578,-20.00000000,5,0.78539819,1
0.975000,0.72275120,0.67385334,-3.61186552,-20.00000000,5,0.78539819,1
0.976000,0.72342324,0.67023152,-3.63186526,-20.00000000,5,0.78539819,1
0.977000,0.72409165,0.66658968,-3.65186501,-20.00000000,5,0.78539819,1
0.978000,0.72475636,0.66292787,-3.67186475,-20.00000000,5,0.78539819,1
0.979000,0.72541744,0.65924603,-3.69186449,-20.00000000,5,0.78539819,1
0.980000,0.72607481,0.65554422,-3.71186423,-20.00000000,5,0.78539819,1
0.981000,0.72672850,0.65182239,-3.73186398,-20.00000000,5,0.78539819,1
0.982000,0.72737849,0.64808059,-3.75186372,-20.00000000,5,0.78539819,1
0.983000,0.72802472,0.64431876,-3.77186346,-20.00000000,5,0.78539819,1
0.984000,0.72866714,0.64053690,-3.79186320,-20.00000000,5,0.78539819,1
0.985000,0.72930574,0.63673508,-3.81186295,-20.00000000,5,0.78539819,1
0.986000,0.72994059,0.63291323,-3.83186269,-20.00000000,5,0.78539819,1
0.987000,0.73057157,0.62907141,-3.85186243,-20.00000000,5,0.78539819,1
0.988000,0.73119873,0.62520957,-3.87186217,-20.00000000,5,0.78539819,1
0.989000,0.73182201,0.62132776,-3.89186192,-20.00000000,5,0.78539819,1
0.990000,0.73244137,0.61742592,-3.91186166,-20.00000000,5,0.78539819,1
0.991000,0.73305684,0.61350411,-3.93186140,-20.00000000,5,0.78539819,1
0.992000,0.73366839,0.60956228,-3.95186114,-20.00000000,5,0.78539819,1
0.993000,0.73427600,0.60560048,-3.97186089,-20.00000000,5,0.78539819,1
0.994000,0.73487961,0.60161865,-3.99186063,-20.00000000,5,0.78539819,1
0.995000,0.73547924,0.59761685,-4.01186037,-20.00000000,5,0.78539819,1
0.996000,0.73607481,0.59359503,-4.03186035,-20.00000000,5,0.78539819,1
0.997000,0.73666638,0.58955318,-4.05185986,-20.00000000,5,0.78539819,1
0.998000,0.73725390,0.58549136,-4.07185936,-20.00000000,5,0.78539819,1
0.999000,0.73783737,0.58140951,-4.09185886,-20.00000000,5,0.78539819,1
1.000000,0.73841673,0.57730770,-4.11185837,-20.00000000,5,0.78539819,1
1.001000,0.73899198,0.57318586,-4.13185787,-20.00000000,5,0.78539819,1
1.002000,0.73956305,0.56904405,-4.15185738,-20.00000000,5,0.78539819,1
1.003000,0.74013001,0.56488222,-4.17185688,-20.00000000,5,0.78539819,1
1.004000,0.74069279,0.56070042,-4.19185638,-20.00000000,5,0.78539819,1
1.005000,0.74125141,0.55649859,-4.21185589,-20.00000000,5,0.78539819,1
1.006000,0.74180579,0.55227679,-4.23185539,-20.00000000,5,0.78539819,1
1.007000,0.74235600,0.54803497,-4.25185490,-20.00000000,5,0.78539819,1
1.008000,0.74290186,0.54377317,-4.27185440,-20.00000000,5,0.78539819,1
1.009000,0.74344349,0.53949136,-4.29185390,-20.00000000,5,0.78539819,1
1.010000,0.74398088,0.53518927,-4.31185484,-20.00000000,5,0.78539819,1
1.011000,0.74451393,0.53086722,-4.33185577,-20.00000000,5,0.78539819,1
1.012000,0.74504268,0.52652514,-4.35185671,-20.00000000,5,0.78539819,1
1.013000,0.74556702,0.52216309,-4.37185764,-20.00000000,5,0.78539819,1
1.014000,0.74608701,0.51778102,-4.39185858,-20.00000000,5,0.78539819,1
1.015000,0.74660259,0.51337892,-4.41185951,-20.00000000,5,0.78539819,1
1.016000,0.74711376,0.50895685,-4.43186045,-20.00000000,5,0.78539819,1
1.017000,0.74762052,0.50451475,-4.45186138,-20.00000000,5,0.78539819,1
1.018000,0.74812287,0.50005269,-4.47186232,-20.00000000,5,0.78539819,1
1.019000,0.74862075,0.49559006,-4.45241928,20.00000000,7,0.78539819,1
1.020000,0.74911416,0.49114746,-4.43241835,20.00000000,7,0.78539819,1
1.021000,0.74960309,0.48672485,-4.41241741,20.00000000,7,0.78539819,1
1.022000,0.75008762,0.48232225,-4.39241648,20.00000000,7,0.78539819,1
1.023000,0.75056773,0.47793964,-4.37241554,20.00000000,7,0.78539819,1
1.024000,0.75104350,0.47357702,-4.35241461,20.00000000,7,0.78539819,1
1.025000,0.75151491,0.46923441,-4.33241367,20.00000000,7,0.78539819,1
1.026000,0.75198203,0.46491182,-4.31241274,20.00000000,7,0.78539819,1
1.027000,0.75244480,0.46060923,-4.29241180,20.00000000,7,0.78539819,1
1.028000,0.75290328,0.45632663,-4.27241087,20.00000000,7,0.78539819,1
1.029000,0.75335747,0.45206404,-4.25240993,20.00000000,7,0.78539819,1
1.030000,0.75380743,0.44782144,-4.23240900,20.00000000,7,0.78539819,1
1.031000,0.75425315,0.44359884,-4.21240807,20.00000000,7,0.78539819,1
1.032000,0.75469470,0.43939623,-4.19240713,20.00000000,7,0.78539819,1
1.033000,0.75513202,0.43521366,-4.17240620,20.00000000,7,0.78539819,1
1.034000,0.75556517,0.43105108,-4.15240526,20.00000000,7,0.78539819,1
1.035000,0.75599414,0.42690849,-4.13240433,20.00000000,7,0.78539819,1
1.036000,0.75641900,0.42278591,-4.11240339,20.00000000,7,0.78539819,1
1.037000,0.75683975,0.41868332,-4.09240246,20.00000000,7,0.78539819,1
1.038000,0.75725645,0.41460073,-4.07240152,20.00000000,7,0.78539819,1
1.039000,0.75766903,0.41053814,-4.05240059,20.00000000,7,0.78539819,1
1.040000,0.75807756,0.40649557,-4.03239965,20.00000000,7,0.78539819,1
1.041000,0.75848204,0.40247300,-4.01239872,20.00000000,7,0.78539819,1
1.042000,0.75888252,0.39847043,-3.99239779,20.00000000,7,0.78539819,1
1.043000,0.75927907,0.39448786,-3.97239685,20.00000000,7,0.78539819,1
1.044000,0.75967163,0.39052528,-3.95239592,20.00000000,7,0.78539819,1
1.045000,0.76006019,0.38658270,-3.93239498,20.00000000,7,0.78539819,1
1.046000,0.76044482,0.38266015,-3.91239405,20.00000000,7,0.78539819,1
1.047000,0.76082551,0.37875760,-3.89239311,20.00000000,7,0.78539819,1
1.048000,0.76120234,0.37487504,-3.87239218,20.00000000,7,0.78539819,1
1.049000,0.76157534,0.37101248,-3.85239124,20.00000000,7,0.78539819,1
1.050000,0.76194447,0.36716992,-3.83239031,20.00000000,7,0.78539819,1
1.051000,0.76230973,0.36334735,-3.81238937,20.00000000,7,0.78539819,1
1.052000,0.76267117,0.35954478,-3.79238844,20.00000000,7,0.78539819,1
1.053000,0.76302880,0.35576224,-3.77238750,20.00000000,7,0.78539819,1
1.054000,0.76338267,0.35199970,-3.75238657,20.00000000,7,0.78539819,1
1.055000,0.76373285,0.34825715,-3.73238564,20.00000000,7,0.78539819,1
1.056000,0.76407927,0.34453461,-3.71238470,20.00000000,7,0.78539819,1
1.057000,0.76442200,0.34083205,-3.69238377,20.00000000,7,0.78539819,1
1.058000,0.76476097,0.33714950,-3.67238283,20.00000000,7,0.78539819,1
1.059000,0.76509631,0.33348697,-3.65238190,20.00000000,7,0.78539819,1
1.060000,0.76542795,0.32984444,-3.63238096,20.00000000,7,0.78539819,1
1.061000,0.76575601,0.32622191,-3.61238003,20.00000000,7,0.78539819,1
1.062000,0.76608044,0.32261938,-3.59237909,20.00000000,7,0.78539819,1
1.063000,0.76640129,0.31903684,-3.57237816,20.00000000,7,0.78539819,1
1.064000,0.76671857,0.31547430,-3.55237722,20.00000000,7,0.78539819,1
1.065000,0.76703227,0.31193176,-3.53237629,20.00000000,7,0.78539819,1
1.066000,0.76734245,0.30840924,-3.51237535,20.00000000,7,0.78539819,1
1.067000,0.76764911,0.30490673,-3.49237442,20.00000000,7,0.78539819,1
1.068000,0.76795232,0.30142421,-3.47237349,20.00000000,7,0.78539819,1
1.069000,0.76825202,0.29796168,-3.45237255,20.00000000,7,0.78539819,1
1.070000,0.76854825,0.29451916,-3.43237162,20.00000000,7,0.78539819,1
1.071000,0.76884103,0.29109663,-3.41237068,20.00000000,7,0.78539819,1
1.072000,0.76913041,0.28769410,-3.39236975,20.00000000,7,0.78539819,1
1.073000,0.76941645,0.28431159,-3.37236881,20.00000000,7,0.78539819,1
1.074000,0.76969910,0.28094909,-3.35236788,20.00000000,7,0.78539819,1
1.075000,0.76997840,0.27760658,-3.33236694,20.00000000,7,0.78539819,1
1.076000,0.77025437,0.27428406,-3.31236601,20.00000000,7,0.78539819,1
1.077000,0.77052701,0.27098155,-3.29236507,20.00000000,7,0.78539819,1
1.078000,0.77079636,0.26769903,-3.27236414,20.00000000,7,0.78539819,1
1.079000,0.77106243,0.26443654,-3.25236320,20.00000000,7,0.78539819,1
1.080000,0.77132529,0.26119405,-3.23236227,20.00000000,7,0.78539819,1
1.081000,0.77158487,0.25797155,-3.21236134,20.00000000,7,0.78539819,1
1.082000,0.77184123,0.25476906,-3.19236040,20.00000000,7,0.78539819,1
1.083000,0.77209443,0.25158656,-3.17235947,20.00000000,7,0.78539819,1
1.084000,0.77234441,0.24842405,-3.15235853,20.00000000,7,0.78539819,1
1.085000,0.77259129,0.24528155,-3.13235760,20.00000000,7,0.78539819,1
1.086000,0.77283502,0.24215904,-3.11235666,20.00000000,7,0.78539819,1
1.087000,0.77307564,0.23905654,-3.09235573,20.00000000,7,0.78539819,1
1.088000,0.77331316,0.23597404,-3.07235479,20.00000000,7,0.78539819,1
1.089000,0.77354759,0.23291154,-3.05235386,20.00000000,7,0.78539819,1
1.090000,0.77377898,0.22986904,-3.03235292,20.00000000,7,0.78539819,1
1.091000,0.77400738,0.22684655,-3.01235199,20.00000000,7,0.78539819,1
1.092000,0.77423275,0.22384405,-2.99235106,20.00000000,7,0.78539819,1
1.093000,0.77445513,0.22086155,-2.97235012,20.00000000,7,0.78539819,1
1.094000,0.77467453,0.21789907,-2.95234919,20.00000000,7,0.78539819,1
1.095000,0.77489096,0.21495658,-2.93234825,20.00000000,7,0.78539819,1
1.096000,0.77510446,0.21203409,-2.91234732,20.00000000,7,0.78539819,1
1.097000,0.77531511,0.20913161,-2.89234638,20.00000000,7,0.78539819,1
1.098000,0.77552283,0.20624913,-2.87234545,20.00000000,7,0.78539819,1
1.099000,0.77572763,0.20338665,-2.85234451,20.00000000,7,0.78539819,1
1.100000,0.77592957,0.20054416,-2.83234358,20.00000000,7,0.78539819,1
1.101000,0.77612871,0.19772169,-2.81234264,20.00000000,7,0.78539819,1
1.102000,0.77632499,0.19491921,-2.79234171,20.00000000,7,0.78539819,1
1.103000,0.77651852,0.19213673,-2.77234077,20.00000000,7,0.78539819,1
1.104000,0.77670932,0.18937427,-2.75233984,20.00000000,7,0.78539819,1
1.105000,0.77689731,0.18663180,-2.73233891,20.00000000,7,0.78539819,1
1.106000,0.77708256,0.18390933,-2.71233797,20.00000000,7,0.78539819,1
1.107000,0.77726513,0.18120687,-2.69233704,20.00000000,7,0.78539819,1
1.108000,0.77744496,0.17852440,-2.67233610,20.00000000,7,0.78539819,1
1.109000,0.77762216,0.17586194,-2.65233517,20.00000000,7,0.78539819,1
1.110000,0.77779675,0.17321947,-2.63233423,20.00000000,7,0.78539819,1
1.111000,0.77796865,0.17059702,-2.61233330,20.00000000,7,0.78539819,1
1.112000,0.77813792,0.16799456,-2.59233236,20.00000000,7,0.78539819,1
1.113000,0.77830464,0.16541210,-2.57233143,20.00000000,7,0.78539819,1
1.114000,0.77846873,0.16284965,-2.55233049,20.00000000,7,0.78539819,1
1.115000,0.77863032,0.16030720,-2.53232956,20.00000000,7,0.78539819,1
1.116000,0.77878940,0.15778475,-2.51232862,20.00000000,7,0.78539819,1
1.117000,0.77894592,0.15528230,-2.49232769,20.00000000,7,0.78539819,1
1.118000,0.77909994,0.15279986,-2.47232676,20.00000000,7,0.78539819,1
1.119000,0.77925152,0.15033741,-2.45232582,20.00000000,7,0.78539819,1
1.120000,0.77940059,0.14789498,-2.43232489,20.00000000,7,0.78539819,1
1.121000,0.77954727,0.14547254,-2.41232395,20.00000000,7,0.78539819,1
1.122000,0.77969158,0.14307010,-2.39232302,20.00000000,7,0.78539819,1
1.123000,0.77983344,0.14068766,-2.37232208,20.00000000,7,0.78539819,1
1.124000,0.77997291,0.13832523,-2.35232115,20.00000000,7,0.78539819,1
1.125000,0.78011006,0.13598280,-2.33232021,20.00000000,7,0.78539819,1
1.126000,0.78024489,0.13366036,-2.31231928,20.00000000,7,0.78539819,1
1.127000,0.78037745,0.13135794,-2.29231834,20.00000000,7,0.78539819,1
1.128000,0.78050768,0.12907551,-2.27231741,20.00000000,7,0.78539819,1
1.129000,0.78063565,0.12681308,-2.25231647,20.00000000,7,0.78539819,1
1.130000,0.78076136,0.12457066,-2.23231554,20.00000000,7,0.78539819,1
1.131000,0.78088480,0.12234824,-2.21231461,20.00000000,7,0.78539819,1
1.132000,0.78100604,0.12014582,-2.19231367,20.00000000,7,0.78539819,1
1.133000,0.78112513,0.11796340,-2.17231274,20.00000000,7,0.78539819,1
1.134000,0.78124201,0.11580099,-2.15231180,20.00000000,7,0.78539819,1
1.135000,0.78135675,0.11365858,-2.13231087,20.00000000,7,0.78539819,1
1.136000,0.78146935,0.11153617,-2.11230993,20.00000000,7,0.78539819,1
1.137000,0.78157979,0.10943376,-2.09230900,20.00000000,7,0.78539819,1
1.138000,0.78168815,0.10735135,-2.07230806,20.00000000,7,0.78539819,1
1.139000,0.78179449,0.10528895,-2.05230713,20.00000000,7,0.78539819,1
1.140000,0.78189880,0.10324654,-2.03230619,20.00000000,7,0.78539819,1
1.141000,0.78200102,0.10122414,-2.01230526,20.00000000,7,0.78539819,1
1.142000,0.78210121,0.09922174,-1.99230433,20.00000000,7,0.78539819,1
1.143000,0.78219944,0.09723934,-1.97230339,20.00000000,7,0.78539819,1
1.144000,0.78229564,0.09527694,-1.95230246,20.00000000,7,0.78539819,1
1.145000,0.78239000,0.09333455,-1.93230152,20.00000000,7,0.78539819,1
1.146000,0.78248239,0.09141216,-1.91230059,20.00000000,7,0.78539819,1
1.147000,0.78257287,0.08950976,-1.89229965,20.00000000,7,0.78539819,1
1.148000,0.78266144,0.08762737,-1.87229872,20.00000000,7,0.78539819,1
1.149000,0.78274810,0.08576499,-1.85229778,20.00000000,7,0.78539819,1
1.150000,0.78283292,0.08392260,-1.83229685,20.00000000,7,0.78539819,1
1.151000,0.78291595,0.08210022,-1.81229591,20.00000000,7,0.78539819,1
1.152000,0.78299713,0.08029784,-1.79229498,20.00000000,7,0.78539819,1
1.153000,0.78307652,0.07851546,-1.77229404,20.00000000,7,0.78539819,1
1.154000,0.78315413,0.07675308,-1.75229311,20.00000000,7,0.78539819,1
1.155000,0.78323001,0.07501070,-1.73229218,20.00000000,7,0.78539819,1
1.156000,0.78330415,0.07328833,-1.71229124,20.00000000,7,0.78539819,1
1.157000,0.78337663,0.07158595,-1.69229031,20.00000000,7,0.78539819,1
1.158000,0.78344738,0.06990358,-1.67228937,20.00000000,7,0.78539819,1
1.159000,0.78351647,0.06824122,-1.65228844,20.00000000,7,0.78539819,1
1.160000,0.78358388,0.06659885,-1.63228750,20.00000000,7,0.78539819,1
1.161000,0.78364962,0.06497648,-1.61228657,20.00000000,7,0.78539819,1
1.162000,0.78371376,0.06337412,-1.59228563,20.00000000,7,0.78539819,1
1.163000,0.78377634,0.06179176,-1.57228470,20.00000000,7,0.78539819,1
1.164000,0.78383738,0.06022940,-1.55228376,20.00000000,7,0.78539819,1
1.165000,0.78389686,0.05868705,-1.53228283,20.00000000,7,0.78539819,1
1.166000,0.78395480,0.05716470,-1.51228189,20.00000000,7,0.78539819,1
1.167000,0.78401119,0.05566235,-1.49228096,20.00000000,7,0.78539819,1
1.168000,0.78406608,0.05418000,-1.47228003,20.00000000,7,0.78539819,1
1.169000,0.78411955,0.05271765,-1.45227909,20.00000000,7,0.78539819,1
1.170000,0.78417152,0.05127531,-1.43227816,20.00000000,7,0.78539819,1
1.171000,0.78422207,0.04985297,-1.41227722,20.00000000,7,0.78539819,1
1.172000,0.78427118,0.04845063,-1.39227629,20.00000000,7,0.78539819,1
1.173000,0.78431892,0.04706829,-1.37227535,20.00000000,7,0.78539819,1
1.174000,0.78436530,0.04570595,-1.35227442,20.00000000,7,0.78539819,1
1.175000,0.78441036,0.04436361,-1.33227348,20.00000000,7,0.78539819,1
1.176000,0.78445405,0.04304128,-1.31227255,20.00000000,7,0.78539819,1
1.177000,0.78449643,0.04173895,-1.29227161,20.00000000,7,0.78539819,1
1.178000,0.78453749,0.04045662,-1.27227068,20.00000000,7,0.78539819,1
1.179000,0.78457731,0.03919429,-1.25226974,20.00000000,7,0.78539819,1
1.180000,0.78461587,0.03795196,-1.23226881,20.00000000,7,0.78539819,1
1.181000,0.78465325,0.03672964,-1.21226788,20.00000000,7,0.78539819,1
1.182000,0.78468937,0.03552732,-1.19226694,20.00000000,7,0.78539819,1
1.183000,0.78472430,0.03434500,-1.17226601,20.00000000,7,0.78539819,1
1.184000,0.78475803,0.03318268,-1.15226507,20.00000000,7,0.78539819,1
1.185000,0.78479064,0.03204037,-1.13226414,20.00000000,7,0.78539819,1
1.186000,0.78482217,0.03091805,-1.11226320,20.00000000,7,0.78539819,1
1.187000,0.78485256,0.02981573,-1.09226227,20.00000000,7,0.78539819,1
1.188000,0.78488183,0.02873342,-1.07226133,20.00000000,7,0.78539819,1
1.189000,0.78491002,0.02767111,-1.05226040,20.00000000,7,0.78539819,1
1.190000,0.78493714,0.02662880,-1.03225946,20.00000000,7,0.78539819,1
1.191000,0.78496325,0.02560649,-1.01225853,20.00000000,7,0.78539819,1
1.192000,0.78498840,0.02460419,-0.99225760,20.00000000,7,0.78539819,1
1.193000,0.78501254,0.02362189,-0.97225666,20.00000000,7,0.78539819,1
1.194000,0.78503567,0.02265958,-0.95225573,20.00000000,7,0.78539819,1
1.195000,0.78505784,0.02171728,-0.93225479,20.00000000,7,0.78539819,1
1.196000,0.78507906,0.02079499,-0.91225386,20.00000000,7,0.78539819,1
1.197000,0.78509939,0.01989269,-0.89225292,20.00000000,7,0.78539819,1
1.198000,0.78511888,0.01901040,-0.87225199,20.00000000,7,0.78539819,1
1.199000,0.78513747,0.01814810,-0.85225105,20.00000000,7,0.78539819,1
1.200000,0.78515518,0.01730581,-0.83225012,20.00000000,7,0.78539819,1
1.201000,0.78517205,0.01648352,-0.81224918,20.00000000,7,0.78539819,1
1.202000,0.78518814,0.01568124,-0.79224825,20.00000000,7,0.78539819,1
1.203000,0.78520340,0.01489895,-0.77224731,20.00000000,7,0.78539819,1
1.204000,0.78521794,0.01413667,-0.75224638,20.00000000,7,0.78539819,1
1.205000,0.78523171,0.01339439,-0.73224545,20.00000000,7,0.78539819,1
1.206000,0.78524476,0.01267211,-0.71224451,20.00000000,7,0.78539819,1
1.207000,0.78525710,0.01196983,-0.69224358,20.00000000,7,0.78539819,1
1.208000,0.78526872,0.01128756,-0.67224264,20.00000000,7,0.78539819,1
1.209000,0.78527963,0.01062529,-0.65224171,20.00000000,7,0.78539819,1
1.210000,0.78528994,0.00998301,-0.63224077,20.00000000,7,0.78539819,1
1.211000,0.78529960,0.00936074,-0.61223984,20.00000000,7,0.78539819,1
1.212000,0.78530866,0.00875848,-0.59223890,20.00000000,7,0.78539819,1
1.213000,0.78531712,0.00817621,-0.57223797,20.00000000,7,0.78539819,1
1.214000,0.78532499,0.00761395,-0.55223703,20.00000000,7,0.78539819,1
1.215000,0.78533232,0.00707169,-0.53223610,20.00000000,7,0.78539819,1
1.216000,0.78533918,0.00654942,-0.51223516,20.00000000,7,0.78539819,1
1.217000,0.78534549,0.00604717,-0.49223423,20.00000000,7,0.78539819,1
1.218000,0.78535128,0.00556491,-0.47223330,20.00000000,7,0.78539819,1
1.219000,0.78535658,0.00510266,-0.45223236,20.00000000,7,0.78539819,1
1.220000,0.78536147,0.00466040,-0.43223143,20.00000000,7,0.78539819,1
1.221000,0.78536588,0.00423815,-0.41223049,20.00000000,7,0.78539819,1
1.222000,0.78536993,0.00383590,-0.39222956,20.00000000,7,0.78539819,1
1.223000,0.78537357,0.00345366,-0.37222862,20.00000000,7,0.78539819,1
1.224000,0.78537685,0.00309141,-0.35222769,20.00000000,7,0.78539819,1
1.225000,0.78537977,0.00274917,-0.33222675,20.00000000,7,0.78539819,1
1.226000,0.78538233,0.00242693,-0.31222582,20.00000000,7,0.78539819,1
1.227000,0.78538460,0.00212469,-0.29222488,20.00000000,7,0.78539819,1
1.228000,0.78538662,0.00184245,-0.27222395,20.00000000,7,0.78539819,1
1.229000,0.78538835,0.00158022,-0.25222301,20.00000000,7,0.78539819,1
1.230000,0.78538984,0.00133798,-0.23222208,20.00000000,7,0.78539819,1
1.231000,0.78539103,0.00111575,-0.21222115,20.00000000,7,0.78539819,1
1.232000,0.78539205,0.00091352,-0.19222021,20.00000000,7,0.78539819,1
1.233000,0.78539282,0.00073129,-0.17221928,20.00000000,7,0.78539819,1
1.234000,0.78539348,0.00056906,-0.15221834,20.00000000,7,0.78539819,1
1.235000,0.78539401,0.00042684,-0.13221741,20.00000000,7,0.78539819,1
1.236000,0.78539437,0.00030462,-0.11221647,20.00000000,7,0.78539819,1
1.237000,0.78539461,0.00020240,-0.09221554,20.00000000,7,0.78539819,1
1.238000,0.78539473,0.00012018,-0.07221460,20.00000000,7,0.78539819,1
1.239000,0.78539479,0.00005796,-0.05221367,20.00000000,7,0.78539819,1
1.240000,0.78539485,0.00001575,-0.03221273,20.00000000,7,0.78539819,1
1.241000,0.78539485,-0.00000647,-0.01221180,20.00000000,7,0.78539819,1
1.242000,0.78539485,0.00000000,0.00000000,0.00000000,0,0.78539819,1
1.243000,0.78539485,0.00000000,0.00000000,0.00000000,0,0.78539819,1
1.244000,0.78539485,0.00000000,0.00000000,0.00000000,0,0.78539819,1
1.245000,0.78539485,0.00000000,0.00000000,0.00000000,0,0.78539819,1
1.246000,0.78539485,0.00000000,0.00000000,0.00000000,0,0.78539819,1
1.247000,0.78539485,0.00000000,0.00000000,0.00000000,0,0.78539819,1
1.248000,0.78539485,0.00000000,0.00000000,0.00000000,0,0.78539819,1
1.249000,0.78539485,0.00000000,0.00000000,0.00000000,0,0.78539819,1
1.250000,0.78539485,0.00000000,0.00000000,0.00000000,0,0.78539819,1
1.251000,0.78539485,0.00000000,0.00000000,0.00000000,0,0.78539819,1
1.252000,0.78539485,0.00000000,0.00000000,0.00000000,0,0.78539819,1
1.253000,0.78539485,0.00000000,0.00000000,0.00000000,0,0.78539819,1
1.254000,0.78539485,0.00000000,0.00000000,0.00000000,0,0.78539819,1
1.255000,0.78539485,0.00000000,0.00000000,0.00000000,0,0.78539819,1
1.256000,0.78539485,0.00000000,0.00000000,0.00000000,0,0.78539819,1
1.257000,0.78539485,0.00000000,0.00000000,0.00000000,0,0.78539819,1
1.258000,0.78539485,0.00000000,0.00000000,0.00000000,0,0.78539819,1
1.259000,0.78539485,0.00000000,0.00000000,0.00000000,0,0.78539819,1
1.260000,0.78539485,0.00000000,0.00000000,0.00000000,0,0.78539819,1
1.261000,0.78539485,0.00000000,0.00000000,0.00000000,0,0.78539819,1
1.262000,0.78539485,0.00000000,0.00000000,0.00000000,0,0.78539819,1
1.263000,0.78539485,0.00000000,0.00000000,0.00000000,0,0.78539819,1
1.264000,0.78539485,0.00000000,0.00000000,0.00000000,0,0.78539819,1
1.265000,0.78539485,0.00000000,0.00000000,0.00000000,0,0.78539819,1
1.266000,0.78539485,0.00000000,0.00000000,0.00000000,0,0.78539819,1
1.267000,0.78539485,0.00000000,0.00000000,0.00000000,0,0.78539819,1
1.268000,0.78539485,0.00000000,0.00000000,0.00000000,0,0.78539819,1
1.269000,0.78539485,0.00000000,0.00000000,0.00000000,0,0.78539819,1
1.270000,0.78539485,0.00000000,0.00000000,0.00000000,0,0.78539819,1
1.271000,0.78539485,0.00000000,0.00000000,0.00000000,0,0.78539819,1
1.272000,0.78539485,0.00000000,0.00000000,0.00000000,0,0.78539819,1
1.273000,0.78539485,0.00000000,0.00000000,0.00000000,0,0.78539819,1
1.274000,0.78539485,0.00000000,0.00000000,0.00000000,0,0.78539819,1
1.275000,0.78539485,0.00000000,0.00000000,0.00000000,0,0.78539819,1
1.276000,0.78539485,0.00000000,0.00000000,0.00000000,0,0.78539819,1
1.277000,0.78539485,0.00000000,0.00000000,0.00000000,0,0.78539819,1
1.278000,0.78539485,0.00000000,0.00000000,0.00000000,0,0.78539819,1
1.279000,0.78539485,0.00000000,0.00000000,0.00000000,0,0.78539819,1
1.280000,0.78539485,0.00000000,0.00000000,0.00000000,0,0.78539819,1
1.281000,0.78539485,0.00000000,0.00000000,0.00000000,0,0.78539819,1
1.282000,0.78539485,0.00000000,0.00000000,0.00000000,0,0.78539819,1
1.283000,0.78539485,0.00000000,0.00000000,0.00000000,0,0.78539819,1
1.284000,0.78539485,0.00000000,0.00000000,0.00000000,0,0.78539819,1
1.285000,0.78539485,0.00000000,0.00000000,0.00000000,0,0.78539819,1
1.286000,0.78539485,0.00000000,0.00000000,0.00000000,0,0.78539819,1
1.287000,0.78539485,0.00000000,0.00000000,0.00000000,0,0.78539819,1
1.288000,0.78539485,0.00000000,0.00000000,0.00000000,0,0.78539819,1
1.289000,0.78539485,0.00000000,0.00000000,0.00000000,0,0.78539819,1
1.290000,0.78539485,0.00000000,0.00000000,0.00000000,0,0.78539819,1
1.291000,0.78539485,0.00000000,0.00000000,0.00000000,0,0.78539819,1
1.292000,0.78539485,0.00000000,0.00000000,0.00000000,0,0.78539819,1
1.293000,0.78539485,0.00000000,0.00000000,0.00000000,0,0.78539819,1
1.294000,0.78539485,0.00000000,0.00000000,0.00000000,0,0.78539819,1
1.295000,0.78539485,0.00000000,0.00000000,0.00000000,0,0.78539819,1
1.296000,0.78539485,0.00000000,0.00000000,0.00000000,0,0.78539819,1
1.297000,0.78539485,0.00000000,0.00000000,0.00000000,0,0.78539819,1
1.298000,0.78539485,0.00000000,0.00000000,0.00000000,0,0.78539819,1
1.299000,0.78539485,0.00000000,0.00000000,0.00000000,0,0.78539819,1
1.300000,0.78539485,0.00000000,0.00000000,0.00000000,0,0.78539819,1
1.301000,0.78539485,0.00000000,0.00000000,0.00000000,0,0.78539819,1
1.302000,0.78539485,0.00000000,0.00000000,0.00000000,0,0.78539819,1
1.303000,0.78539485,0.00000000,0.00000000,0.00000000,0,0.78539819,1
1.304000,0.78539485,0.00000000,0.00000000,0.00000000,0,0.78539819,1
1.305000,0.78539485,0.00000000,0.00000000,0.00000000,0,0.78539819,1
1.306000,0.78539485,0.00000000,0.00000000,0.00000000,0,0.78539819,1
1.307000,0.78539485,0.00000000,0.00000000,0.00000000,0,0.78539819,1
1.308000,0.78539485,0.00000000,0.00000000,0.00000000,0,0.78539819,1
1.309000,0.78539485,0.00000000,0.00000000,0.00000000,0,0.78539819,1
1.310000,0.78539485,0.00000000,0.00000000,0.00000000,0,0.78539819,1
1.311000,0.78539485,0.00000000,0.00000000,0.00000000,0,0.78539819,1
1.312000,0.78539485,0.00000000,0.00000000,0.00000000,0,0.78539819,1
1.313000,0.78539485,0.00000000,0.00000000,0.00000000,0,0.78539819,1
1.314000,0.78539485,0.00000000,0.00000000,0.00000000,0,0.78539819,1
1.315000,0.78539485,0.00000000,0.00000000,0.00000000,0,0.78539819,1
1.316000,0.78539485,0.00000000,0.00000000,0.00000000,0,0.78539819,1
1.317000,0.78539485,0.00000000,0.00000000,0.00000000,0,0.78539819,1
1.318000,0.78539485,0.00000000,0.00000000,0.00000000,0,0.78539819,1
1.319000,0.78539485,0.00000000,0.00000000,0.00000000,0,0.78539819,1
1.320000,0.78539485,0.00000000,0.00000000,0.00000000,0,0.78539819,1
1.321000,0.78539485,0.00000000,0.00000000,0.00000000,0,0.78539819,1
1.322000,0.78539485,0.00000000,0.00000000,0.00000000,0,0.78539819,1
1.323000,0.78539485,0.00000000,0.00000000,0.00000000,0,0.78539819,1
1.324000,0.78539485,0.00000000,0.00000000,0.00000000,0,0.78539819,1
1.325000,0.78539485,0.00000000,0.00000000,0.00000000,0,0.78539819,1
1.326000,0.78539485,0.00000000,0.00000000,0.00000000,0,0.78539819,1
1.327000,0.78539485,0.00000000,0.00000000,0.00000000,0,0.78539819,1
1.328000,0.78539485,0.00000000,0.00000000,0.00000000,0,0.78539819,1
1.329000,0.78539485,0.00000000,0.00000000,0.00000000,0,0.78539819,1
1.330000,0.78539485,0.00000000,0.00000000,0.00000000,0,0.78539819,1
1.331000,0.78539485,0.00000000,0.00000000,0.00000000,0,0.78539819,1
1.332000,0.78539485,0.00000000,0.00000000,0.00000000,0,0.78539819,1
1.333000,0.78539485,0.00000000,0.00000000,0.00000000,0,0.78539819,1
1.334000,0.78539485,0.00000000,0.00000000,0.00000000,0,0.78539819,1
1.335000,0.78539485,0.00000000,0.00000000,0.00000000,0,0.78539819,1
1.336000,0.78539485,0.00000000,0.00000000,0.00000000,0,0.78539819,1
1.337000,0.78539485,0.00000000,0.00000000,0.00000000,0,0.78539819,1
1.338000,0.78539485,0.00000000,0.00000000,0.00000000,0,0.78539819,1
1.339000,0.78539485,0.00000000,0.00000000,0.00000000,0,0.78539819,1
1.340000,0.78539485,0.00000000,0.00000000,0.00000000,0,0.78539819,1
1.341000,0.78539485,0.00000000,0.00000000,0.00000000,0,0.78539819,1
1.342000,0.78539485,0.00000000,0.00000000,0.00000000,0,0.78539819,1
1.343000,0.78539485,0.00000000,0.00000000,0.00000000,0,0.78539819,1
1.344000,0.78539485,0.00000000,0.00000000,0.00000000,0,0.78539819,1
1.345000,0.78539485,0.00000000,0.00000000,0.00000000,0,0.78539819,1
1.346000,0.78539485,0.00000000,0.00000000,0.00000000,0,0.78539819,1
1.347000,0.78539485,0.00000000,0.00000000,0.00000000,0,0.78539819,1
1.348000,0.78539485,0.00000000,0.00000000,0.00000000,0,0.78539819,1
1.349000,0.78539485,0.00000000,0.00000000,0.00000000,0,0.78539819,1
1.350000,0.78539485,0.00000000,0.00000000,0.00000000,0,0.78539819,1
1.351000,0.78539485,0.00000000,0.00000000,0.00000000,0,0.78539819,1
1.352000,0.78539485,0.00000000,0.00000000,0.00000000,0,0.78539819,1
1.353000,0.78539485,0.00000000,0.00000000,0.00000000,0,0.78539819,1
1.354000,0.78539485,0.00000000,0.00000000,0.00000000,0,0.78539819,1
1.355000,0.78539485,0.00000000,0.00000000,0.00000000,0,0.78539819,1
1.356000,0.78539485,0.00000000,0.00000000,0.00000000,0,0.78539819,1
1.357000,0.78539485,0.00000000,0.00000000,0.00000000,0,0.78539819,1
1.358000,0.78539485,0.00000000,0.00000000,0.00000000,0,0.78539819,1
1.359000,0.78539485,0.00000000,0.00000000,0.00000000,0,0.78539819,1
1.360000,0.78539485,0.00000000,0.00000000,0.00000000,0,0.78539819,1
1.361000,0.78539485,0.00000000,0.00000000,0.00000000,0,0.78539819,1
1.362000,0.78539485,0.00000000,0.00000000,0.00000000,0,0.78539819,1
1.363000,0.78539485,0.00000000,0.00000000,0.00000000,0,0.78539819,1
1.364000,0.78539485,0.00000000,0.00000000,0.00000000,0,0.78539819,1
1.365000,0.78539485,0.00000000,0.00000000,0.00000000,0,0.78539819,1
1.366000,0.78539485,0.00000000,0.00000000,0.00000000,0,0.78539819,1
1.367000,0.78539485,0.00000000,0.00000000,0.00000000,0,0.78539819,1
1.368000,0.78539485,0.00000000,0.00000000,0.00000000,0,0.78539819,1
1.369000,0.78539485,0.00000000,0.00000000,0.00000000,0,0.78539819,1
1.370000,0.78539485,0.00000000,0.00000000,0.00000000,0,0.78539819,1
1.371000,0.78539485,0.00000000,0.00000000,0.00000000,0,0.78539819,1
1.372000,0.78539485,0.00000000,0.00000000,0.00000000,0,0.78539819,1
1.373000,0.78539485,0.00000000,0.00000000,0.00000000,0,0.78539819,1
1.374000,0.78539485,0.00000000,0.00000000,0.00000000,0,0.78539819,1
1.375000,0.78539485,0.00000000,0.00000000,0.00000000,0,0.78539819,1
1.376000,0.78539485,0.00000000,0.00000000,0.00000000,0,0.78539819,1
1.377000,0.78539485,0.00000000,0.00000000,0.00000000,0,0.78539819,1
1.378000,0.78539485,0.00000000,0.00000000,0.00000000,0,0.78539819,1
1.379000,0.78539485,0.00000000,0.00000000,0.00000000,0,0.78539819,1
1.380000,0.78539485,0.00000000,0.00000000,0.00000000,0,0.78539819,1
1.381000,0.78539485,0.00000000,0.00000000,0.00000000,0,0.78539819,1
1.382000,0.78539485,0.00000000,0.00000000,0.00000000,0,0.78539819,1
1.383000,0.78539485,0.00000000,0.00000000,0.00000000,0,0.78539819,1
1.384000,0.78539485,0.00000000,0.00000000,0.00000000,0,0.78539819,1
1.385000,0.78539485,0.00000000,0.00000000,0.00000000,0,0.78539819,1
1.386000,0.78539485,0.00000000,0.00000000,0.00000000,0,0.78539819,1
1.387000,0.78539485,0.00000000,0.00000000,0.00000000,0,0.78539819,1
1.388000,0.78539485,0.00000000,0.00000000,0.00000000,0,0.78539819,1
1.389000,0.78539485,0.00000000,0.00000000,0.00000000,0,0.78539819,1
1.390000,0.78539485,0.00000000,0.00000000,0.00000000,0,0.78539819,1
1.391000,0.78539485,0.00000000,0.00000000,0.00000000,0,0.78539819,1
1.392000,0.78539485,0.00000000,0.00000000,0.00000000,0,0.78539819,1
1.393000,0.78539485,0.00000000,0.00000000,0.00000000,0,0.78539819,1
1.394000,0.78539485,0.00000000,0.00000000,0.00000000,0,0.78539819,1
1.395000,0.78539485,0.00000000,0.00000000,0.00000000,0,0.78539819,1
1.396000,0.78539485,0.00000000,0.00000000,0.00000000,0,0.78539819,1
1.397000,0.78539485,0.00000000,0.00000000,0.00000000,0,0.78539819,1
1.398000,0.78539485,0.00000000,0.00000000,0.00000000,0,0.78539819,1
1.399000,0.78539485,0.00000000,0.00000000,0.00000000,0,0.78539819,1
1.400000,0.78539485,0.00000000,0.00000000,0.00000000,0,0.78539819,1
1.401000,0.78539485,0.00000000,0.00000000,0.00000000,0,0.78539819,1
1.402000,0.78539485,0.00000000,0.00000000,0.00000000,0,0.78539819,1
1.403000,0.78539485,0.00000000,0.00000000,0.00000000,0,0.78539819,1
1.404000,0.78539485,0.00000000,0.00000000,0.00000000,0,0.78539819,1
1.405000,0.78539485,0.00000000,0.00000000,0.00000000,0,0.78539819,1
1.406000,0.78539485,0.00000000,0.00000000,0.00000000,0,0.78539819,1
1.407000,0.78539485,0.00000000,0.00000000,0.00000000,0,0.78539819,1
1.408000,0.78539485,0.00000000,0.00000000,0.00000000,0,0.78539819,1
1.409000,0.78539485,0.00000000,0.00000000,0.00000000,0,0.78539819,1
1.410000,0.78539485,0.00000000,0.00000000,0.00000000,0,0.78539819,1
1.411000,0.78539485,0.00000000,0.00000000,0.00000000,0,0.78539819,1
1.412000,0.78539485,0.00000000,0.00000000,0.00000000,0,0.78539819,1
1.413000,0.78539485,0.00000000,0.00000000,0.00000000,0,0.78539819,1
1.414000,0.78539485,0.00000000,0.00000000,0.00000000,0,0.78539819,1
1.415000,0.78539485,0.00000000,0.00000000,0.00000000,0,0.78539819,1
1.416000,0.78539485,0.00000000,0.00000000,0.00000000,0,0.78539819,1
1.417000,0.78539485,0.00000000,0.00000000,0.00000000,0,0.78539819,1
1.418000,0.78539485,0.00000000,0.00000000,0.00000000,0,0.78539819,1
1.419000,0.78539485,0.00000000,0.00000000,0.00000000,0,0.78539819,1
1.420000,0.78539485,0.00000000,0.00000000,0.00000000,0,0.78539819,1
1.421000,0.78539485,0.00000000,0.00000000,0.00000000,0,0.78539819,1
1.422000,0.78539485,0.00000000,0.00000000,0.00000000,0,0.78539819,1
1.423000,0.78539485,0.00000000,0.00000000,0.00000000,0,0.78539819,1
1.424000,0.78539485,0.00000000,0.00000000,0.00000000,0,0.78539819,1
1.425000,0.78539485,0.00000000,0.00000000,0.00000000,0,0.78539819,1
1.426000,0.78539485,0.00000000,0.00000000,0.00000000,0,0.78539819,1
1.427000,0.78539485,0.00000000,0.00000000,0.00000000,0,0.78539819,1
1.428000,0.78539485,0.00000000,0.00000000,0.00000000,0,0.78539819,1
1.429000,0.78539485,0.00000000,0.00000000,0.00000000,0,0.78539819,1
1.430000,0.78539485,0.00000000,0.00000000,0.00000000,0,0.78539819,1
1.431000,0.78539485,0.00000000,0.00000000,0.00000000,0,0.78539819,1
1.432000,0.78539485,0.00000000,0.00000000,0.00000000,0,0.78539819,1
1.433000,0.78539485,0.00000000,0.00000000,0.00000000,0,0.78539819,1
1.434000,0.78539485,0.00000000,0.00000000,0.00000000,0,0.78539819,1
1.435000,0.78539485,0.00000000,0.00000000,0.00000000,0,0.78539819,1
1.436000,0.78539485,0.00000000,0.00000000,0.00000000,0,0.78539819,1
1.437000,0.78539485,0.00000000,0.00000000,0.00000000,0,0.78539819,1
1.438000,0.78539485,0.00000000,0.00000000,0.00000000,0,0.78539819,1
1.439000,0.78539485,0.00000000,0.00000000,0.00000000,0,0.78539819,1
1.440000,0.78539485,0.00000000,0.00000000,0.00000000,0,0.78539819,1
1.441000,0.78539485,0.00000000,0.00000000,0.00000000,0,0.78539819,1
1.442000,0.78539485,0.00000000,0.00000000,0.00000000,0,0.78539819,1
1.443000,0.78539485,0.00000000,0.00000000,0.00000000,0,0.78539819,1
1.444000,0.78539485,0.00000000,0.00000000,0.00000000,0,0.78539819,1
1.445000,0.78539485,0.00000000,0.00000000,0.00000000,0,0.78539819,1
1.446000,0.78539485,0.00000000,0.00000000,0.00000000,0,0.78539819,1
1.447000,0.78539485,0.00000000,0.00000000,0.00000000,0,0.78539819,1
1.448000,0.78539485,0.00000000,0.00000000,0.00000000,0,0.78539819,1
1.449000,0.78539485,0.00000000,0.00000000,0.00000000,0,0.78539819,1
1.450000,0.78539485,0.00000000,0.00000000,0.00000000,0,0.78539819,1
1.451000,0.78539485,0.00000000,0.00000000,0.00000000,0,0.78539819,1
1.452000,0.78539485,0.00000000,0.00000000,0.00000000,0,0.78539819,1
1.453000,0.78539485,0.00000000,0.00000000,0.00000000,0,0.78539819,1
1.454000,0.78539485,0.00000000,0.00000000,0.00000000,0,0.78539819,1
1.455000,0.78539485,0.00000000,0.00000000,0.00000000,0,0.78539819,1
1.456000,0.78539485,0.00000000,0.00000000,0.00000000,0,0.78539819,1
1.457000,0.78539485,0.00000000,0.00000000,0.00000000,0,0.78539819,1
1.458000,0.78539485,0.00000000,0.00000000,0.00000000,0,0.78539819,1
1.459000,0.78539485,0.00000000,0.00000000,0.00000000,0,0.78539819,1
1.460000,0.78539485,0.00000000,0.00000000,0.00000000,0,0.78539819,1
1.461000,0.78539485,0.00000000,0.00000000,0.00000000,0,0.78539819,1
1.462000,0.78539485,0.00000000,0.00000000,0.00000000,0,0.78539819,1
1.463000,0.78539485,0.00000000,0.00000000,0.00000000,0,0.78539819,1
1.464000,0.78539485,0.00000000,0.00000000,0.00000000,0,0.78539819,1
1.465000,0.78539485,0.00000000,0.00000000,0.00000000,0,0.78539819,1
1.466000,0.78539485,0.00000000,0.00000000,0.00000000,0,0.78539819,1
1.467000,0.78539485,0.00000000,0.00000000,0.00000000,0,0.78539819,1
1.468000,0.78539485,0.00000000,0.00000000,0.00000000,0,0.78539819,1
1.469000,0.78539485,0.00000000,0.00000000,0.00000000,0,0.78539819,1
1.470000,0.78539485,0.00000000,0.00000000,0.00000000,0,0.78539819,1
1.471000,0.78539485,0.00000000,0.00000000,0.00000000,0,0.78539819,1
1.472000,0.78539485,0.00000000,0.00000000,0.00000000,0,0.78539819,1
1.473000,0.78539485,0.00000000,0.00000000,0.00000000,0,0.78539819,1
1.474000,0.78539485,0.00000000,0.00000000,0.00000000,0,0.78539819,1
1.475000,0.78539485,0.00000000,0.00000000,0.00000000,0,0.78539819,1
1.476000,0.78539485,0.00000000,0.00000000,0.00000000,0,0.78539819,1
1.477000,0.78539485,0.00000000,0.00000000,0.00000000,0,0.78539819,1
1.478000,0.78539485,0.00000000,0.00000000,0.00000000,0,0.78539819,1
1.479000,0.78539485,0.00000000,0.00000000,0.00000000,0,0.78539819,1
1.480000,0.78539485,0.00000000,0.00000000,0.00000000,0,0.78539819,1
1.481000,0.78539485,0.00000000,0.00000000,0.00000000,0,0.78539819,1
1.482000,0.78539485,0.00000000,0.00000000,0.00000000,0,0.78539819,1
1.483000,0.78539485,0.00000000,0.00000000,0.00000000,0,0.78539819,1
1.484000,0.78539485,0.00000000,0.00000000,0.00000000,0,0.78539819,1
1.485000,0.78539485,0.00000000,0.00000000,0.00000000,0,0.78539819,1
1.486000,0.78539485,0.00000000,0.00000000,0.00000000,0,0.78539819,1
1.487000,0.78539485,0.00000000,0.00000000,0.00000000,0,0.78539819,1
1.488000,0.78539485,0.00000000,0.00000000,0.00000000,0,0.78539819,1
1.489000,0.78539485,0.00000000,0.00000000,0.00000000,0,0.78539819,1
1.490000,0.78539485,0.00000000,0.00000000,0.00000000,0,0.78539819,1
1.491000,0.78539485,0.00000000,0.00000000,0.00000000,0,0.78539819,1
1.492000,0.78539485,0.00000000,0.00000000,0.00000000,0,0.78539819,1
1.493000,0.78539485,0.00000000,0.00000000,0.00000000,0,0.78539819,1
1.494000,0.78539485,0.00000000,0.00000000,0.00000000,0,0.78539819,1
1.495000,0.78539485,0.00000000,0.00000000,0.00000000,0,0.78539819,1
1.496000,0.78539485,0.00000000,0.00000000,0.00000000,0,0.78539819,1
1.497000,0.78539485,0.00000000,0.00000000,0.00000000,0,0.78539819,1
1.498000,0.78539485,0.00000000,0.00000000,0.00000000,0,0.78539819,1
1.499000,0.78539485,0.00000000,0.00000000,0.00000000,0,0.78539819,1
1.500000,0.78539485,0.00000000,0.00000000,0.00000000,0,0.78539819,1
1.501000,0.78539485,0.00000000,0.00000000,0.00000000,0,0.78539819,1
1.502000,0.78539485,0.00000000,0.00000000,0.00000000,0,0.78539819,1
1.503000,0.78539485,0.00000000,0.00000000,0.00000000,0,0.78539819,1
1.504000,0.78539485,0.00000000,0.00000000,0.00000000,0,0.78539819,1
1.505000,0.78539485,0.00000000,0.00000000,0.00000000,0,0.78539819,1
1.506000,0.78539485,0.00000000,0.00000000,0.00000000,0,0.78539819,1
1.507000,0.78539485,0.00000000,0.00000000,0.00000000,0,0.78539819,1
1.508000,0.78539485,0.00000000,0.00000000,0.00000000,0,0.78539819,1
1.509000,0.78539485,0.00000000,0.00000000,0.00000000,0,0.78539819,1
1.510000,0.78539485,0.00000000,0.00000000,0.00000000,0,0.78539819,1
1.511000,0.78539485,0.00000000,0.00000000,0.00000000,0,0.78539819,1
1.512000,0.78539485,0.00000000,0.00000000,0.00000000,0,0.78539819,1
1.513000,0.78539485,0.00000000,0.00000000,0.00000000,0,0.78539819,1
1.514000,0.78539485,0.00000000,0.00000000,0.00000000,0,0.78539819,1
1.515000,0.78539485,0.00000000,0.00000000,0.00000000,0,0.78539819,1
1.516000,0.78539485,0.00000000,0.00000000,0.00000000,0,0.78539819,1
1.517000,0.78539485,0.00000000,0.00000000,0.00000000,0,0.78539819,1
1.518000,0.78539485,0.00000000,0.00000000,0.00000000,0,0.78539819,1
1.519000,0.78539485,0.00000000,0.00000000,0.00000000,0,0.78539819,1
1.520000,0.78539485,0.00000000,0.00000000,0.00000000,0,0.78539819,1
1.521000,0.78539485,0.00000000,0.00000000,0.00000000,0,0.78539819,1
1.522000,0.78539485,0.00000000,0.00000000,0.00000000,0,0.78539819,1
1.523000,0.78539485,0.00000000,0.00000000,0.00000000,0,0.78539819,1
1.524000,0.78539485,0.00000000,0.00000000,0.00000000,0,0.78539819,1
1.525000,0.78539485,0.00000000,0.00000000,0.00000000,0,0.78539819,1
1.526000,0.78539485,0.00000000,0.00000000,0.00000000,0,0.78539819,1
1.527000,0.78539485,0.00000000,0.00000000,0.00000000,0,0.78539819,1
1.528000,0.78539485,0.00000000,0.00000000,0.00000000,0,0.78539819,1
1.529000,0.78539485,0.00000000,0.00000000,0.00000000,0,0.78539819,1
1.530000,0.78539485,0.00000000,0.00000000,0.00000000,0,0.78539819,1
1.531000,0.78539485,0.00000000,0.00000000,0.00000000,0,0.78539819,1
1.532000,0.78539485,0.00000000,0.00000000,0.00000000,0,0.78539819,1
1.533000,0.78539485,0.00000000,0.00000000,0.00000000,0,0.78539819,1
1.534000,0.78539485,0.00000000,0.00000000,0.00000000,0,0.78539819,1
1.535000,0.78539485,0.00000000,0.00000000,0.00000000,0,0.78539819,1
1.536000,0.78539485,0.00000000,0.00000000,0.00000000,0,0.78539819,1
1.537000,0.78539485,0.00000000,0.00000000,0.00000000,0,0.78539819,1
1.538000,0.78539485,0.00000000,0.00000000,0.00000000,0,0.78539819,1
1.539000,0.78539485,0.00000000,0.00000000,0.00000000,0,0.78539819,1
1.540000,0.78539485,0.00000000,0.00000000,0.00000000,0,0.78539819,1
1.541000,0.78539485,0.00000000,0.00000000,0.00000000,0,0.78539819,1
1.542000,0.78539485,0.00000000,0.00000000,0.00000000,0,0.78539819,1
1.543000,0.78539485,0.00000000,0.00000000,0.00000000,0,0.78539819,1
1.544000,0.78539485,0.00000000,0.00000000,0.00000000,0,0.78539819,1
1.545000,0.78539485,0.00000000,0.00000000,0.00000000,0,0.78539819,1
1.546000,0.78539485,0.00000000,0.00000000,0.00000000,0,0.78539819,1
1.547000,0.78539485,0.00000000,0.00000000,0.00000000,0,0.78539819,1
1.548000,0.78539485,0.00000000,0.00000000,0.00000000,0,0.78539819,1
1.549000,0.78539485,0.00000000,0.00000000,0.00000000,0,0.78539819,1
1.550000,0.78539485,0.00000000,0.00000000,0.00000000,0,0.78539819,1
1.551000,0.78539485,0.00000000,0.00000000,0.00000000,0,0.78539819,1
1.552000,0.78539485,0.00000000,0.00000000,0.00000000,0,0.78539819,1
1.553000,0.78539485,0.00000000,0.00000000,0.00000000,0,0.78539819,1
1.554000,0.78539485,0.00000000,0.00000000,0.00000000,0,0.78539819,1
1.555000,0.78539485,0.00000000,0.00000000,0.00000000,0,0.78539819,1
1.556000,0.78539485,0.00000000,0.00000000,0.00000000,0,0.78539819,1
1.557000,0.78539485,0.00000000,0.00000000,0.00000000,0,0.78539819,1
1.558000,0.78539485,0.00000000,0.00000000,0.00000000,0,0.78539819,1
1.559000,0.78539485,0.00000000,0.00000000,0.00000000,0,0.78539819,1
1.560000,0.78539485,0.00000000,0.00000000,0.00000000,0,0.78539819,1
1.561000,0.78539485,0.00000000,0.00000000,0.00000000,0,0.78539819,1
1.562000,0.78539485,0.00000000,0.00000000,0.00000000,0,0.78539819,1
1.563000,0.78539485,0.00000000,0.00000000,0.00000000,0,0.78539819,1
1.564000,0.78539485,0.00000000,0.00000000,0.00000000,0,0.78539819,1
1.565000,0.78539485,0.00000000,0.00000000,0.00000000,0,0.78539819,1
1.566000,0.78539485,0.00000000,0.00000000,0.00000000,0,0.78539819,1
1.567000,0.78539485,0.00000000,0.00000000,0.00000000,0,0.78539819,1
1.568000,0.78539485,0.00000000,0.00000000,0.00000000,0,0.78539819,1
1.569000,0.78539485,0.00000000,0.00000000,0.00000000,0,0.78539819,1
1.570000,0.78539485,0.00000000,0.00000000,0.00000000,0,0.78539819,1
1.571000,0.78539485,0.00000000,0.00000000,0.00000000,0,0.78539819,1
1.572000,0.78539485,0.00000000,0.00000000,0.00000000,0,0.78539819,1
1.573000,0.78539485,0.00000000,0.00000000,0.00000000,0,0.78539819,1
1.574000,0.78539485,0.00000000,0.00000000,0.00000000,0,0.78539819,1
1.575000,0.78539485,0.00000000,0.00000000,0.00000000,0,0.78539819,1
1.576000,0.78539485,0.00000000,0.00000000,0.00000000,0,0.78539819,1
1.577000,0.78539485,0.00000000,0.00000000,0.00000000,0,0.78539819,1
1.578000,0.78539485,0.00000000,0.00000000,0.00000000,0,0.78539819,1
1.579000,0.78539485,0.00000000,0.00000000,0.00000000,0,0.78539819,1
1.580000,0.78539485,0.00000000,0.00000000,0.00000000,0,0.78539819,1
1.581000,0.78539485,0.00000000,0.00000000,0.00000000,0,0.78539819,1
1.582000,0.78539485,0.00000000,0.00000000,0.00000000,0,0.78539819,1
1.583000,0.78539485,0.00000000,0.00000000,0.00000000,0,0.78539819,1
1.584000,0.78539485,0.00000000,0.00000000,0.00000000,0,0.78539819,1
1.585000,0.78539485,0.00000000,0.00000000,0.00000000,0,0.78539819,1
1.586000,0.78539485,0.00000000,0.00000000,0.00000000,0,0.78539819,1
1.587000,0.78539485,0.00000000,0.00000000,0.00000000,0,0.78539819,1
1.588000,0.78539485,0.00000000,0.00000000,0.00000000,0,0.78539819,1
1.589000,0.78539485,0.00000000,0.00000000,0.00000000,0,0.78539819,1
1.590000,0.78539485,0.00000000,0.00000000,0.00000000,0,0.78539819,1
1.591000,0.78539485,0.00000000,0.00000000,0.00000000,0,0.78539819,1
1.592000,0.78539485,0.00000000,0.00000000,0.00000000,0,0.78539819,1
1.593000,0.78539485,0.00000000,0.00000000,0.00000000,0,0.78539819,1
1.594000,0.78539485,0.00000000,0.00000000,0.00000000,0,0.78539819,1
1.595000,0.78539485,0.00000000,0.00000000,0.00000000,0,0.78539819,1
1.596000,0.78539485,0.00000000,0.00000000,0.00000000,0,0.78539819,1
1.597000,0.78539485,0.00000000,0.00000000,0.00000000,0,0.78539819,1
1.598000,0.78539485,0.00000000,0.00000000,0.00000000,0,0.78539819,1
1.599000,0.78539485,0.00000000,0.00000000,0.00000000,0,0.78539819,1
1.600000,0.78539485,0.00000000,0.00000000,0.00000000,0,0.78539819,1
1.601000,0.78539485,0.00000000,0.00000000,0.00000000,0,0.78539819,1
1.602000,0.78539485,0.00000000,0.00000000,0.00000000,0,0.78539819,1
1.603000,0.78539485,0.00000000,0.00000000,0.00000000,0,0.78539819,1
1.604000,0.78539485,0.00000000,0.00000000,0.00000000,0,0.78539819,1
1.605000,0.78539485,0.00000000,0.00000000,0.00000000,0,0.78539819,1
1.606000,0.78539485,0.00000000,0.00000000,0.00000000,0,0.78539819,1
1.607000,0.78539485,0.00000000,0.00000000,0.00000000,0,0.78539819,1
1.608000,0.78539485,0.00000000,0.00000000,0.00000000,0,0.78539819,1
1.609000,0.78539485,0.00000000,0.00000000,0.00000000,0,0.78539819,1
1.610000,0.78539485,0.00000000,0.00000000,0.00000000,0,0.78539819,1
1.611000,0.78539485,0.00000000,0.00000000,0.00000000,0,0.78539819,1
1.612000,0.78539485,0.00000000,0.00000000,0.00000000,0,0.78539819,1
1.613000,0.78539485,0.00000000,0.00000000,0.00000000,0,0.78539819,1
1.614000,0.78539485,0.00000000,0.00000000,0.00000000,0,0.78539819,1
1.615000,0.78539485,0.00000000,0.00000000,0.00000000,0,0.78539819,1
1.616000,0.78539485,0.00000000,0.00000000,0.00000000,0,0.78539819,1
1.617000,0.78539485,0.00000000,0.00000000,0.00000000,0,0.78539819,1
1.618000,0.78539485,0.00000000,0.00000000,0.00000000,0,0.78539819,1
1.619000,0.78539485,0.00000000,0.00000000,0.00000000,0,0.78539819,1
1.620000,0.78539485,0.00000000,0.00000000,0.00000000,0,0.78539819,1
1.621000,0.78539485,0.00000000,0.00000000,0.00000000,0,0.78539819,1
1.622000,0.78539485,0.00000000,0.00000000,0.00000000,0,0.78539819,1
1.623000,0.78539485,0.00000000,0.00000000,0.00000000,0,0.78539819,1
1.624000,0.78539485,0.00000000,0.00000000,0.00000000,0,0.78539819,1
1.625000,0.78539485,0.00000000,0.00000000,0.00000000,0,0.78539819,1
1.626000,0.78539485,0.00000000,0.00000000,0.00000000,0,0.78539819,1
1.627000,0.78539485,0.00000000,0.00000000,0.00000000,0,0.78539819,1
1.628000,0.78539485,0.00000000,0.00000000,0.00000000,0,0.78539819,1
1.629000,0.78539485,0.00000000,0.00000000,0.00000000,0,0.78539819,1
1.630000,0.78539485,0.00000000,0.00000000,0.00000000,0,0.78539819,1
1.631000,0.78539485,0.00000000,0.00000000,0.00000000,0,0.78539819,1
1.632000,0.78539485,0.00000000,0.00000000,0.00000000,0,0.78539819,1
1.633000,0.78539485,0.00000000,0.00000000,0.00000000,0,0.78539819,1
1.634000,0.78539485,0.00000000,0.00000000,0.00000000,0,0.78539819,1
1.635000,0.78539485,0.00000000,0.00000000,0.00000000,0,0.78539819,1
1.636000,0.78539485,0.00000000,0.00000000,0.00000000,0,0.78539819,1
1.637000,0.78539485,0.00000000,0.00000000,0.00000000,0,0.78539819,1
1.638000,0.78539485,0.00000000,0.00000000,0.00000000,0,0.78539819,1
1.639000,0.78539485,0.00000000,0.00000000,0.00000000,0,0.78539819,1
1.640000,0.78539485,0.00000000,0.00000000,0.00000000,0,0.78539819,1
1.641000,0.78539485,0.00000000,0.00000000,0.00000000,0,0.78539819,1
1.642000,0.78539485,0.00000000,0.00000000,0.00000000,0,0.78539819,1
1.643000,0.78539485,0.00000000,0.00000000,0.00000000,0,0.78539819,1
1.644000,0.78539485,0.00000000,0.00000000,0.00000000,0,0.78539819,1
1.645000,0.78539485,0.00000000,0.00000000,0.00000000,0,0.78539819,1
1.646000,0.78539485,0.00000000,0.00000000,0.00000000,0,0.78539819,1
1.647000,0.78539485,0.00000000,0.00000000,0.00000000,0,0.78539819,1
1.648000,0.78539485,0.00000000,0.00000000,0.00000000,0,0.78539819,1
1.649000,0.78539485,0.00000000,0.00000000,0.00000000,0,0.78539819,1
1.650000,0.78539485,0.00000000,0.00000000,0.00000000,0,0.78539819,1
1.651000,0.78539485,0.00000000,0.00000000,0.00000000,0,0.78539819,1
1.652000,0.78539485,0.00000000,0.00000000,0.00000000,0,0.78539819,1
1.653000,0.78539485,0.00000000,0.00000000,0.00000000,0,0.78539819,1
1.654000,0.78539485,0.00000000,0.00000000,0.00000000,0,0.78539819,1
1.655000,0.78539485,0.00000000,0.00000000,0.00000000,0,0.78539819,1
1.656000,0.78539485,0.00000000,0.00000000,0.00000000,0,0.78539819,1
1.657000,0.78539485,0.00000000,0.00000000,0.00000000,0,0.78539819,1
1.658000,0.78539485,0.00000000,0.00000000,0.00000000,0,0.78539819,1
1.659000,0.78539485,0.00000000,0.00000000,0.00000000,0,0.78539819,1
1.660000,0.78539485,0.00000000,0.00000000,0.00000000,0,0.78539819,1
1.661000,0.78539485,0.00000000,0.00000000,0.00000000,0,0.78539819,1
1.662000,0.78539485,0.00000000,0.00000000,0.00000000,0,0.78539819,1
1.663000,0.78539485,0.00000000,0.00000000,0.00000000,0,0.78539819,1
1.664000,0.78539485,0.00000000,0.00000000,0.00000000,0,0.78539819,1
1.665000,0.78539485,0.00000000,0.00000000,0.00000000,0,0.78539819,1
1.666000,0.78539485,0.00000000,0.00000000,0.00000000,0,0.78539819,1
1.667000,0.78539485,0.00000000,0.00000000,0.00000000,0,0.78539819,1
1.668000,0.78539485,0.00000000,0.00000000,0.00000000,0,0.78539819,1
1.669000,0.78539485,0.00000000,0.00000000,0.00000000,0,0.78539819,1
1.670000,0.78539485,0.00000000,0.00000000,0.00000000,0,0.78539819,1
1.671000,0.78539485,0.00000000,0.00000000,0.00000000,0,0.78539819,1
1.672000,0.78539485,0.00000000,0.00000000,0.00000000,0,0.78539819,1
1.673000,0.78539485,0.00000000,0.00000000,0.00000000,0,0.78539819,1
1.674000,0.78539485,0.00000000,0.00000000,0.00000000,0,0.78539819,1
1.675000,0.78539485,0.00000000,0.00000000,0.00000000,0,0.78539819,1
1.676000,0.78539485,0.00000000,0.00000000,0.00000000,0,0.78539819,1
1.677000,0.78539485,0.00000000,0.00000000,0.00000000,0,0.78539819,1
1.678000,0.78539485,0.00000000,0.00000000,0.00000000,0,0.78539819,1
1.679000,0.78539485,0.00000000,0.00000000,0.00000000,0,0.78539819,1
1.680000,0.78539485,0.00000000,0.00000000,0.00000000,0,0.78539819,1
1.681000,0.78539485,0.00000000,0.00000000,0.00000000,0,0.78539819,1
1.682000,0.78539485,0.00000000,0.00000000,0.00000000,0,0.78539819,1
1.683000,0.78539485,0.00000000,0.00000000,0.00000000,0,0.78539819,1
1.684000,0.78539485,0.00000000,0.00000000,0.00000000,0,0.78539819,1
1.685000,0.78539485,0.00000000,0.00000000,0.00000000,0,0.78539819,1
1.686000,0.78539485,0.00000000,0.00000000,0.00000000,0,0.78539819,1
1.687000,0.78539485,0.00000000,0.00000000,0.00000000,0,0.78539819,1
1.688000,0.78539485,0.00000000,0.00000000,0.00000000,0,0.78539819,1
1.689000,0.78539485,0.00000000,0.00000000,0.00000000,0,0.78539819,1
1.690000,0.78539485,0.00000000,0.00000000,0.00000000,0,0.78539819,1
1.691000,0.78539485,0.00000000,0.00000000,0.00000000,0,0.78539819,1
1.692000,0.78539485,0.00000000,0.00000000,0.00000000,0,0.78539819,1
1.693000,0.78539485,0.00000000,0.00000000,0.00000000,0,0.78539819,1
1.694000,0.78539485,0.00000000,0.00000000,0.00000000,0,0.78539819,1
1.695000,0.78539485,0.00000000,0.00000000,0.00000000,0,0.78539819,1
1.696000,0.78539485,0.00000000,0.00000000,0.00000000,0,0.78539819,1
1.697000,0.78539485,0.00000000,0.00000000,0.00000000,0,0.78539819,1
1.698000,0.78539485,0.00000000,0.00000000,0.00000000,0,0.78539819,1
1.699000,0.78539485,0.00000000,0.00000000,0.00000000,0,0.78539819,1
1.700000,0.78539485,0.00000000,0.00000000,0.00000000,0,0.78539819,1
1.701000,0.78539485,0.00000000,0.00000000,0.00000000,0,0.78539819,1
1.702000,0.78539485,0.00000000,0.00000000,0.00000000,0,0.78539819,1
1.703000,0.78539485,0.00000000,0.00000000,0.00000000,0,0.78539819,1
1.704000,0.78539485,0.00000000,0.00000000,0.00000000,0,0.78539819,1
1.705000,0.78539485,0.00000000,0.00000000,0.00000000,0,0.78539819,1
1.706000,0.78539485,0.00000000,0.00000000,0.00000000,0,0.78539819,1
1.707000,0.78539485,0.00000000,0.00000000,0.00000000,0,0.78539819,1
1.708000,0.78539485,0.00000000,0.00000000,0.00000000,0,0.78539819,1
1.709000,0.78539485,0.00000000,0.00000000,0.00000000,0,0.78539819,1
1.710000,0.78539485,0.00000000,0.00000000,0.00000000,0,0.78539819,1
1.711000,0.78539485,0.00000000,0.00000000,0.00000000,0,0.78539819,1
1.712000,0.78539485,0.00000000,0.00000000,0.00000000,0,0.78539819,1
1.713000,0.78539485,0.00000000,0.00000000,0.00000000,0,0.78539819,1
1.714000,0.78539485,0.00000000,0.00000000,0.00000000,0,0.78539819,1
1.715000,0.78539485,0.00000000,0.00000000,0.00000000,0,0.78539819,1
1.716000,0.78539485,0.00000000,0.00000000,0.00000000,0,0.78539819,1
1.717000,0.78539485,0.00000000,0.00000000,0.00000000,0,0.78539819,1
1.718000,0.78539485,0.00000000,0.00000000,0.00000000,0,0.78539819,1
1.719000,0.78539485,0.00000000,0.00000000,0.00000000,0,0.78539819,1
1.720000,0.78539485,0.00000000,0.00000000,0.00000000,0,0.78539819,1
1.721000,0.78539485,0.00000000,0.00000000,0.00000000,0,0.78539819,1
1.722000,0.78539485,0.00000000,0.00000000,0.00000000,0,0.78539819,1
1.723000,0.78539485,0.00000000,0.00000000,0.00000000,0,0.78539819,1
1.724000,0.78539485,0.00000000,0.00000000,0.00000000,0,0.78539819,1
1.725000,0.78539485,0.00000000,0.00000000,0.00000000,0,0.78539819,1
1.726000,0.78539485,0.00000000,0.00000000,0.00000000,0,0.78539819,1
1.727000,0.78539485,0.00000000,0.00000000,0.00000000,0,0.78539819,1
1.728000,0.78539485,0.00000000,0.00000000,0.00000000,0,0.78539819,1
1.729000,0.78539485,0.00000000,0.00000000,0.00000000,0,0.78539819,1
1.730000,0.78539485,0.00000000,0.00000000,0.00000000,0,0.78539819,1
1.731000,0.78539485,0.00000000,0.00000000,0.00000000,0,0.78539819,1
1.732000,0.78539485,0.00000000,0.00000000,0.00000000,0,0.78539819,1
1.733000,0.78539485,0.00000000,0.00000000,0.00000000,0,0.78539819,1
1.734000,0.78539485,0.00000000,0.00000000,0.00000000,0,0.78539819,1
1.735000,0.78539485,0.00000000,0.00000000,0.00000000,0,0.78539819,1
1.736000,0.78539485,0.00000000,0.00000000,0.00000000,0,0.78539819,1
1.737000,0.78539485,0.00000000,0.00000000,0.00000000,0,0.78539819,1
1.738000,0.78539485,0.00000000,0.00000000,0.00000000,0,0.78539819,1
1.739000,0.78539485,0.00000000,0.00000000,0.00000000,0,0.78539819,1
1.740000,0.78539485,0.00000000,0.00000000,0.00000000,0,0.78539819,1
1.741000,0.78539485,0.00000000,0.00000000,0.00000000,0,0.78539819,1
1.742000,0.78539485,0.00000000,0.00000000,0.00000000,0,0.78539819,1
1.743000,0.78539485,0.00000000,0.00000000,0.00000000,0,0.78539819,1
1.744000,0.78539485,0.00000000,0.00000000,0.00000000,0,0.78539819,1
1.745000,0.78539485,0.00000000,0.00000000,0.00000000,0,0.78539819,1
1.746000,0.78539485,0.00000000,0.00000000,0.00000000,0,0.78539819,1
1.747000,0.78539485,0.00000000,0.00000000,0.00000000,0,0.78539819,1
1.748000,0.78539485,0.00000000,0.00000000,0.00000000,0,0.78539819,1
1.749000,0.78539485,0.00000000,0.00000000,0.00000000,0,0.78539819,1
1.750000,0.78539485,0.00000000,0.00000000,0.00000000,0,0.78539819,1
1.751000,0.78539485,0.00000000,0.00000000,0.00000000,0,0.78539819,1
1.752000,0.78539485,0.00000000,0.00000000,0.00000000,0,0.78539819,1
1.753000,0.78539485,0.00000000,0.00000000,0.00000000,0,0.78539819,1
1.754000,0.78539485,0.00000000,0.00000000,0.00000000,0,0.78539819,1
1.755000,0.78539485,0.00000000,0.00000000,0.00000000,0,0.78539819,1
1.756000,0.78539485,0.00000000,0.00000000,0.00000000,0,0.78539819,1
1.757000,0.78539485,0.00000000,0.00000000,0.00000000,0,0.78539819,1
1.758000,0.78539485,0.00000000,0.00000000,0.00000000,0,0.78539819,1
1.759000,0.78539485,0.00000000,0.00000000,0.00000000,0,0.78539819,1
1.760000,0.78539485,0.00000000,0.00000000,0.00000000,0,0.78539819,1
1.761000,0.78539485,0.00000000,0.00000000,0.00000000,0,0.78539819,1
1.762000,0.78539485,0.00000000,0.00000000,0.00000000,0,0.78539819,1
1.763000,0.78539485,0.00000000,0.00000000,0.00000000,0,0.78539819,1
1.764000,0.78539485,0.00000000,0.00000000,0.00000000,0,0.78539819,1
1.765000,0.78539485,0.00000000,0.00000000,0.00000000,0,0.78539819,1
1.766000,0.78539485,0.00000000,0.00000000,0.00000000,0,0.78539819,1
1.767000,0.78539485,0.00000000,0.00000000,0.00000000,0,0.78539819,1
1.768000,0.78539485,0.00000000,0.00000000,0.00000000,0,0.78539819,1
1.769000,0.78539485,0.00000000,0.00000000,0.00000000,0,0.78539819,1
1.770000,0.78539485,0.00000000,0.00000000,0.00000000,0,0.78539819,1
1.771000,0.78539485,0.00000000,0.00000000,0.00000000,0,0.78539819,1
1.772000,0.78539485,0.00000000,0.00000000,0.00000000,0,0.78539819,1
1.773000,0.78539485,0.00000000,0.00000000,0.00000000,0,0.78539819,1
1.774000,0.78539485,0.00000000,0.00000000,0.00000000,0,0.78539819,1
1.775000,0.78539485,0.00000000,0.00000000,0.00000000,0,0.78539819,1
1.776000,0.78539485,0.00000000,0.00000000,0.00000000,0,0.78539819,1
1.777000,0.78539485,0.00000000,0.00000000,0.00000000,0,0.78539819,1
1.778000,0.78539485,0.00000000,0.00000000,0.00000000,0,0.78539819,1
1.779000,0.78539485,0.00000000,0.00000000,0.00000000,0,0.78539819,1
1.780000,0.78539485,0.00000000,0.00000000,0.00000000,0,0.78539819,1
1.781000,0.78539485,0.00000000,0.00000000,0.00000000,0,0.78539819,1
1.782000,0.78539485,0.00000000,0.00000000,0.00000000,0,0.78539819,1
1.783000,0.78539485,0.00000000,0.00000000,0.00000000,0,0.78539819,1
1.784000,0.78539485,0.00000000,0.00000000,0.00000000,0,0.78539819,1
1.785000,0.78539485,0.00000000,0.00000000,0.00000000,0,0.78539819,1
1.786000,0.78539485,0.00000000,0.00000000,0.00000000,0,0.78539819,1
1.787000,0.78539485,0.00000000,0.00000000,0.00000000,0,0.78539819,1
1.788000,0.78539485,0.00000000,0.00000000,0.00000000,0,0.78539819,1
1.789000,0.78539485,0.00000000,0.00000000,0.00000000,0,0.78539819,1
1.790000,0.78539485,0.00000000,0.00000000,0.00000000,0,0.78539819,1
1.791000,0.78539485,0.00000000,0.00000000,0.00000000,0,0.78539819,1
1.792000,0.78539485,0.00000000,0.00000000,0.00000000,0,0.78539819,1
1.793000,0.78539485,0.00000000,0.00000000,0.00000000,0,0.78539819,1
1.794000,0.78539485,0.00000000,0.00000000,0.00000000,0,0.78539819,1
1.795000,0.78539485,0.00000000,0.00000000,0.00000000,0,0.78539819,1
1.796000,0.78539485,0.00000000,0.00000000,0.00000000,0,0.78539819,1
1.797000,0.78539485,0.00000000,0.00000000,0.00000000,0,0.78539819,1
1.798000,0.78539485,0.00000000,0.00000000,0.00000000,0,0.78539819,1
1.799000,0.78539485,0.00000000,0.00000000,0.00000000,0,0.78539819,1
1.800000,0.78539485,0.00000000,0.00000000,0.00000000,0,0.78539819,1
1.801000,0.78539485,0.00000000,0.00000000,0.00000000,0,0.78539819,1
1.802000,0.78539485,0.00000000,0.00000000,0.00000000,0,0.78539819,1
1.803000,0.78539485,0.00000000,0.00000000,0.00000000,0,0.78539819,1
1.804000,0.78539485,0.00000000,0.00000000,0.00000000,0,0.78539819,1
1.805000,0.78539485,0.00000000,0.00000000,0.00000000,0,0.78539819,1
1.806000,0.78539485,0.00000000,0.00000000,0.00000000,0,0.78539819,1
1.807000,0.78539485,0.00000000,0.00000000,0.00000000,0,0.78539819,1
1.808000,0.78539485,0.00000000,0.00000000,0.00000000,0,0.78539819,1
1.809000,0.78539485,0.00000000,0.00000000,0.00000000,0,0.78539819,1
1.810000,0.78539485,0.00000000,0.00000000,0.00000000,0,0.78539819,1
1.811000,0.78539485,0.00000000,0.00000000,0.00000000,0,0.78539819,1
1.812000,0.78539485,0.00000000,0.00000000,0.00000000,0,0.78539819,1
1.813000,0.78539485,0.00000000,0.00000000,0.00000000,0,0.78539819,1
1.814000,0.78539485,0.00000000,0.00000000,0.00000000,0,0.78539819,1
1.815000,0.78539485,0.00000000,0.00000000,0.00000000,0,0.78539819,1
1.816000,0.78539485,0.00000000,0.00000000,0.00000000,0,0.78539819,1
1.817000,0.78539485,0.00000000,0.00000000,0.00000000,0,0.78539819,1
1.818000,0.78539485,0.00000000,0.00000000,0.00000000,0,0.78539819,1
1.819000,0.78539485,0.00000000,0.00000000,0.00000000,0,0.78539819,1
1.820000,0.78539485,0.00000000,0.00000000,0.00000000,0,0.78539819,1
1.821000,0.78539485,0.00000000,0.00000000,0.00000000,0,0.78539819,1
1.822000,0.78539485,0.00000000,0.00000000,0.00000000,0,0.78539819,1
1.823000,0.78539485,0.00000000,0.00000000,0.00000000,0,0.78539819,1
1.824000,0.78539485,0.00000000,0.00000000,0.00000000,0,0.78539819,1
1.825000,0.78539485,0.00000000,0.00000000,0.00000000,0,0.78539819,1
1.826000,0.78539485,0.00000000,0.00000000,0.00000000,0,0.78539819,1
1.827000,0.78539485,0.00000000,0.00000000,0.00000000,0,0.78539819,1
1.828000,0.78539485,0.00000000,0.00000000,0.00000000,0,0.78539819,1
1.829000,0.78539485,0.00000000,0.00000000,0.00000000,0,0.78539819,1
1.830000,0.78539485,0.00000000,0.00000000,0.00000000,0,0.78539819,1
1.831000,0.78539485,0.00000000,0.00000000,0.00000000,0,0.78539819,1
1.832000,0.78539485,0.00000000,0.00000000,0.00000000,0,0.78539819,1
1.833000,0.78539485,0.00000000,0.00000000,0.00000000,0,0.78539819,1
1.834000,0.78539485,0.00000000,0.00000000,0.00000000,0,0.78539819,1
1.835000,0.78539485,0.00000000,0.00000000,0.00000000,0,0.78539819,1
1.836000,0.78539485,0.00000000,0.00000000,0.00000000,0,0.78539819,1
1.837000,0.78539485,0.00000000,0.00000000,0.00000000,0,0.78539819,1
1.838000,0.78539485,0.00000000,0.00000000,0.00000000,0,0.78539819,1
1.839000,0.78539485,0.00000000,0.00000000,0.00000000,0,0.78539819,1
1.840000,0.78539485,0.00000000,0.00000000,0.00000000,0,0.78539819,1
1.841000,0.78539485,0.00000000,0.00000000,0.00000000,0,0.78539819,1
1.842000,0.78539485,0.00000000,0.00000000,0.00000000,0,0.78539819,1
1.843000,0.78539485,0.00000000,0.00000000,0.00000000,0,0.78539819,1
1.844000,0.78539485,0.00000000,0.00000000,0.00000000,0,0.78539819,1
1.845000,0.78539485,0.00000000,0.00000000,0.00000000,0,0.78539819,1
1.846000,0.78539485,0.00000000,0.00000000,0.00000000,0,0.78539819,1
1.847000,0.78539485,0.00000000,0.00000000,0.00000000,0,0.78539819,1
1.848000,0.78539485,0.00000000,0.00000000,0.00000000,0,0.78539819,1
1.849000,0.78539485,0.00000000,0.00000000,0.00000000,0,0.78539819,1
1.850000,0.78539485,0.00000000,0.00000000,0.00000000,0,0.78539819,1
1.851000,0.78539485,0.00000000,0.00000000,0.00000000,0,0.78539819,1
1.852000,0.78539485,0.00000000,0.00000000,0.00000000,0,0.78539819,1
1.853000,0.78539485,0.00000000,0.00000000,0.00000000,0,0.78539819,1
1.854000,0.78539485,0.00000000,0.00000000,0.00000000,0,0.78539819,1
1.855000,0.78539485,0.00000000,0.00000000,0.00000000,0,0.78539819,1
1.856000,0.78539485,0.00000000,0.00000000,0.00000000,0,0.78539819,1
1.857000,0.78539485,0.00000000,0.00000000,0.00000000,0,0.78539819,1
1.858000,0.78539485,0.00000000,0.00000000,0.00000000,0,0.78539819,1
1.859000,0.78539485,0.00000000,0.00000000,0.00000000,0,0.78539819,1
1.860000,0.78539485,0.00000000,0.00000000,0.00000000,0,0.78539819,1
1.861000,0.78539485,0.00000000,0.00000000,0.00000000,0,0.78539819,1
1.862000,0.78539485,0.00000000,0.00000000,0.00000000,0,0.78539819,1
1.863000,0.78539485,0.00000000,0.00000000,0.00000000,0,0.78539819,1
1.864000,0.78539485,0.00000000,0.00000000,0.00000000,0,0.78539819,1
1.865000,0.78539485,0.00000000,0.00000000,0.00000000,0,0.78539819,1
1.866000,0.78539485,0.00000000,0.00000000,0.00000000,0,0.78539819,1
1.867000,0.78539485,0.00000000,0.00000000,0.00000000,0,0.78539819,1
1.868000,0.78539485,0.00000000,0.00000000,0.00000000,0,0.78539819,1
1.869000,0.78539485,0.00000000,0.00000000,0.00000000,0,0.78539819,1
1.870000,0.78539485,0.00000000,0.00000000,0.00000000,0,0.78539819,1
1.871000,0.78539485,0.00000000,0.00000000,0.00000000,0,0.78539819,1
1.872000,0.78539485,0.00000000,0.00000000,0.00000000,0,0.78539819,1
1.873000,0.78539485,0.00000000,0.00000000,0.00000000,0,0.78539819,1
1.874000,0.78539485,0.00000000,0.00000000,0.00000000,0,0.78539819,1
1.875000,0.78539485,0.00000000,0.00000000,0.00000000,0,0.78539819,1
1.876000,0.78539485,0.00000000,0.00000000,0.00000000,0,0.78539819,1
1.877000,0.78539485,0.00000000,0.00000000,0.00000000,0,0.78539819,1
1.878000,0.78539485,0.00000000,0.00000000,0.00000000,0,0.78539819,1
1.879000,0.78539485,0.00000000,0.00000000,0.00000000,0,0.78539819,1
1.880000,0.78539485,0.00000000,0.00000000,0.00000000,0,0.78539819,1
1.881000,0.78539485,0.00000000,0.00000000,0.00000000,0,0.78539819,1
1.882000,0.78539485,0.00000000,0.00000000,0.00000000,0,0.78539819,1
1.883000,0.78539485,0.00000000,0.00000000,0.00000000,0,0.78539819,1
1.884000,0.78539485,0.00000000,0.00000000,0.00000000,0,0.78539819,1
1.885000,0.78539485,0.00000000,0.00000000,0.00000000,0,0.78539819,1
1.886000,0.78539485,0.00000000,0.00000000,0.00000000,0,0.78539819,1
1.887000,0.78539485,0.00000000,0.00000000,0.00000000,0,0.78539819,1
1.888000,0.78539485,0.00000000,0.00000000,0.00000000,0,0.78539819,1
1.889000,0.78539485,0.00000000,0.00000000,0.00000000,0,0.78539819,1
1.890000,0.78539485,0.00000000,0.00000000,0.00000000,0,0.78539819,1
1.891000,0.78539485,0.00000000,0.00000000,0.00000000,0,0.78539819,1
1.892000,0.78539485,0.00000000,0.00000000,0.00000000,0,0.78539819,1
1.893000,0.78539485,0.00000000,0.00000000,0.00000000,0,0.78539819,1
1.894000,0.78539485,0.00000000,0.00000000,0.00000000,0,0.78539819,1
1.895000,0.78539485,0.00000000,0.00000000,0.00000000,0,0.78539819,1
1.896000,0.78539485,0.00000000,0.00000000,0.00000000,0,0.78539819,1
1.897000,0.78539485,0.00000000,0.00000000,0.00000000,0,0.78539819,1
1.898000,0.78539485,0.00000000,0.00000000,0.00000000,0,0.78539819,1
1.899000,0.78539485,0.00000000,0.00000000,0.00000000,0,0.78539819,1
1.900000,0.78539485,0.00000000,0.00000000,0.00000000,0,0.78539819,1
1.901000,0.78539485,0.00000000,0.00000000,0.00000000,0,0.78539819,1
1.902000,0.78539485,0.00000000,0.00000000,0.00000000,0,0.78539819,1
1.903000,0.78539485,0.00000000,0.00000000,0.00000000,0,0.78539819,1
1.904000,0.78539485,0.00000000,0.00000000,0.00000000,0,0.78539819,1
1.905000,0.78539485,0.00000000,0.00000000,0.00000000,0,0.78539819,1
1.906000,0.78539485,0.00000000,0.00000000,0.00000000,0,0.78539819,1
1.907000,0.78539485,0.00000000,0.00000000,0.00000000,0,0.78539819,1
1.908000,0.78539485,0.00000000,0.00000000,0.00000000,0,0.78539819,1
1.909000,0.78539485,0.00000000,0.00000000,0.00000000,0,0.78539819,1
1.910000,0.78539485,0.00000000,0.00000000,0.00000000,0,0.78539819,1
1.911000,0.78539485,0.00000000,0.00000000,0.00000000,0,0.78539819,1
1.912000,0.78539485,0.00000000,0.00000000,0.00000000,0,0.78539819,1
1.913000,0.78539485,0.00000000,0.00000000,0.00000000,0,0.78539819,1
1.914000,0.78539485,0.00000000,0.00000000,0.00000000,0,0.78539819,1
1.915000,0.78539485,0.00000000,0.00000000,0.00000000,0,0.78539819,1
1.916000,0.78539485,0.00000000,0.00000000,0.00000000,0,0.78539819,1
1.917000,0.78539485,0.00000000,0.00000000,0.00000000,0,0.78539819,1
1.918000,0.78539485,0.00000000,0.00000000,0.00000000,0,0.78539819,1
1.919000,0.78539485,0.00000000,0.00000000,0.00000000,0,0.78539819,1
1.920000,0.78539485,0.00000000,0.00000000,0.00000000,0,0.78539819,1
1.921000,0.78539485,0.00000000,0.00000000,0.00000000,0,0.78539819,1
1.922000,0.78539485,0.00000000,0.00000000,0.00000000,0,0.78539819,1
1.923000,0.78539485,0.00000000,0.00000000,0.00000000,0,0.78539819,1
1.924000,0.78539485,0.00000000,0.00000000,0.00000000,0,0.78539819,1
1.925000,0.78539485,0.00000000,0.00000000,0.00000000,0,0.78539819,1
1.926000,0.78539485,0.00000000,0.00000000,0.00000000,0,0.78539819,1
1.927000,0.78539485,0.00000000,0.00000000,0.00000000,0,0.78539819,1
1.928000,0.78539485,0.00000000,0.00000000,0.00000000,0,0.78539819,1
1.929000,0.78539485,0.00000000,0.00000000,0.00000000,0,0.78539819,1
1.930000,0.78539485,0.00000000,0.00000000,0.00000000,0,0.78539819,1
1.931000,0.78539485,0.00000000,0.00000000,0.00000000,0,0.78539819,1
1.932000,0.78539485,0.00000000,0.00000000,0.00000000,0,0.78539819,1
1.933000,0.78539485,0.00000000,0.00000000,0.00000000,0,0.78539819,1
1.934000,0.78539485,0.00000000,0.00000000,0.00000000,0,0.78539819,1
1.935000,0.78539485,0.00000000,0.00000000,0.00000000,0,0.78539819,1
1.936000,0.78539485,0.00000000,0.00000000,0.00000000,0,0.78539819,1
1.937000,0.78539485,0.00000000,0.00000000,0.00000000,0,0.78539819,1
1.938000,0.78539485,0.00000000,0.00000000,0.00000000,0,0.78539819,1
1.939000,0.78539485,0.00000000,0.00000000,0.00000000,0,0.78539819,1
1.940000,0.78539485,0.00000000,0.00000000,0.00000000,0,0.78539819,1
1.941000,0.78539485,0.00000000,0.00000000,0.00000000,0,0.78539819,1
1.942000,0.78539485,0.00000000,0.00000000,0.00000000,0,0.78539819,1
1.943000,0.78539485,0.00000000,0.00000000,0.00000000,0,0.78539819,1
1.944000,0.78539485,0.00000000,0.00000000,0.00000000,0,0.78539819,1
1.945000,0.78539485,0.00000000,0.00000000,0.00000000,0,0.78539819,1
1.946000,0.78539485,0.00000000,0.00000000,0.00000000,0,0.78539819,1
1.947000,0.78539485,0.00000000,0.00000000,0.00000000,0,0.78539819,1
1.948000,0.78539485,0.00000000,0.00000000,0.00000000,0,0.78539819,1
1.949000,0.78539485,0.00000000,0.00000000,0.00000000,0,0.78539819,1
1.950000,0.78539485,0.00000000,0.00000000,0.00000000,0,0.78539819,1
1.951000,0.78539485,0.00000000,0.00000000,0.00000000,0,0.78539819,1
1.952000,0.78539485,0.00000000,0.00000000,0.00000000,0,0.78539819,1
1.953000,0.78539485,0.00000000,0.00000000,0.00000000,0,0.78539819,1
1.954000,0.78539485,0.00000000,0.00000000,0.00000000,0,0.78539819,1
1.955000,0.78539485,0.00000000,0.00000000,0.00000000,0,0.78539819,1
1.956000,0.78539485,0.00000000,0.00000000,0.00000000,0,0.78539819,1
1.957000,0.78539485,0.00000000,0.00000000,0.00000000,0,0.78539819,1
1.958000,0.78539485,0.00000000,0.00000000,0.00000000,0,0.78539819,1
1.959000,0.78539485,0.00000000,0.00000000,0.00000000,0,0.78539819,1
1.960000,0.78539485,0.00000000,0.00000000,0.00000000,0,0.78539819,1
1.961000,0.78539485,0.00000000,0.00000000,0.00000000,0,0.78539819,1
1.962000,0.78539485,0.00000000,0.00000000,0.00000000,0,0.78539819,1
1.963000,0.78539485,0.00000000,0.00000000,0.00000000,0,0.78539819,1
1.964000,0.78539485,0.00000000,0.00000000,0.00000000,0,0.78539819,1
1.965000,0.78539485,0.00000000,0.00000000,0.00000000,0,0.78539819,1
1.966000,0.78539485,0.00000000,0.00000000,0.00000000,0,0.78539819,1
1.967000,0.78539485,0.00000000,0.00000000,0.00000000,0,0.78539819,1
1.968000,0.78539485,0.00000000,0.00000000,0.00000000,0,0.78539819,1
1.969000,0.78539485,0.00000000,0.00000000,0.00000000,0,0.78539819,1
1.970000,0.78539485,0.00000000,0.00000000,0.00000000,0,0.78539819,1
1.971000,0.78539485,0.00000000,0.00000000,0.00000000,0,0.78539819,1
1.972000,0.78539485,0.00000000,0.00000000,0.00000000,0,0.78539819,1
1.973000,0.78539485,0.00000000,0.00000000,0.00000000,0,0.78539819,1
1.974000,0.78539485,0.00000000,0.00000000,0.00000000,0,0.78539819,1
1.975000,0.78539485,0.00000000,0.00000000,0.00000000,0,0.78539819,1
1.976000,0.78539485,0.00000000,0.00000000,0.00000000,0,0.78539819,1
1.977000,0.78539485,0.00000000,0.00000000,0.00000000,0,0.78539819,1
1.978000,0.78539485,0.00000000,0.00000000,0.00000000,0,0.78539819,1
1.979000,0.78539485,0.00000000,0.00000000,0.00000000,0,0.78539819,1
1.980000,0.78539485,0.00000000,0.00000000,0.00000000,0,0.78539819,1
1.981000,0.78539485,0.00000000,0.00000000,0.00000000,0,0.78539819,1
1.982000,0.78539485,0.00000000,0.00000000,0.00000000,0,0.78539819,1
1.983000,0.78539485,0.00000000,0.00000000,0.00000000,0,0.78539819,1
1.984000,0.78539485,0.00000000,0.00000000,0.00000000,0,0.78539819,1
1.985000,0.78539485,0.00000000,0.00000000,0.00000000,0,0.78539819,1
1.986000,0.78539485,0.00000000,0.00000000,0.00000000,0,0.78539819,1
1.987000,0.78539485,0.00000000,0.00000000,0.00000000,0,0.78539819,1
1.988000,0.78539485,0.00000000,0.00000000,0.00000000,0,0.78539819,1
1.989000,0.78539485,0.00000000,0.00000000,0.00000000,0,0.78539819,1
1.990000,0.78539485,0.00000000,0.00000000,0.00000000,0,0.78539819,1
1.991000,0.78539485,0.00000000,0.00000000,0.00000000,0,0.78539819,1
1.992000,0.78539485,0.00000000,0.00000000,0.00000000,0,0.78539819,1
1.993000,0.78539485,0.00000000,0.00000000,0.00000000,0,0.78539819,1
1.994000,0.78539485,0.00000000,0.00000000,0.00000000,0,0.78539819,1
1.995000,0.78539485,0.00000000,0.00000000,0.00000000,0,0.78539819,1
1.996000,0.78539485,0.00000000,0.00000000,0.00000000,0,0.78539819,1
1.997000,0.78539485,0.00000000,0.00000000,0.00000000,0,0.78539819,1
1.998000,0.78539485,0.00000000,0.00000000,0.00000000,0,0.78539819,1
1.999000,0.78539485,0.00000000,0.00000000,0.00000000,0,0.78539819,1
2.000000,0.78539485,0.00000000,0.00000000,0.00000000,0,0.78539819,1
2.001000,0.78539485,0.00000000,0.00000000,0.00000000,0,0.78539819,1
2.002000,0.78539485,0.00000000,0.00000000,0.00000000,0,0.78539819,1
2.003000,0.78539485,0.00000000,0.00000000,0.00000000,0,0.78539819,1
2.004000,0.78539485,0.00000000,0.00000000,0.00000000,0,0.78539819,1
2.005000,0.78539485,0.00000000,0.00000000,0.00000000,0,0.78539819,1
2.006000,0.78539485,0.00000000,0.00000000,0.00000000,0,0.78539819,1
2.007000,0.78539485,0.00000000,0.00000000,0.00000000,0,0.78539819,1
2.008000,0.78539485,0.00000000,0.00000000,0.00000000,0,0.78539819,1
2.009000,0.78539485,0.00000000,0.00000000,0.00000000,0,0.78539819,1
2.010000,0.78539485,0.00000000,0.00000000,0.00000000,0,0.78539819,1
2.011000,0.78539485,0.00000000,0.00000000,0.00000000,0,0.78539819,1
2.012000,0.78539485,0.00000000,0.00000000,0.00000000,0,0.78539819,1
2.013000,0.78539485,0.00000000,0.00000000,0.00000000,0,0.78539819,1
2.014000,0.78539485,0.00000000,0.00000000,0.00000000,0,0.78539819,1
2.015000,0.78539485,0.00000000,0.00000000,0.00000000,0,0.78539819,1
2.016000,0.78539485,0.00000000,0.00000000,0.00000000,0,0.78539819,1
2.017000,0.78539485,0.00000000,0.00000000,0.00000000,0,0.78539819,1
2.018000,0.78539485,0.00000000,0.00000000,0.00000000,0,0.78539819,1
2.019000,0.78539485,0.00000000,0.00000000,0.00000000,0,0.78539819,1
2.020000,0.78539485,0.00000000,0.00000000,0.00000000,0,0.78539819,1
2.021000,0.78539485,0.00000000,0.00000000,0.00000000,0,0.78539819,1
2.022000,0.78539485,0.00000000,0.00000000,0.00000000,0,0.78539819,1
2.023000,0.78539485,0.00000000,0.00000000,0.00000000,0,0.78539819,1
2.024000,0.78539485,0.00000000,0.00000000,0.00000000,0,0.78539819,1
2.025000,0.78539485,0.00000000,0.00000000,0.00000000,0,0.78539819,1
2.026000,0.78539485,0.00000000,0.00000000,0.00000000,0,0.78539819,1
2.027000,0.78539485,0.00000000,0.00000000,0.00000000,0,0.78539819,1
2.028000,0.78539485,0.00000000,0.00000000,0.00000000,0,0.78539819,1
2.029000,0.78539485,0.00000000,0.00000000,0.00000000,0,0.78539819,1
2.030000,0.78539485,0.00000000,0.00000000,0.00000000,0,0.78539819,1
2.031000,0.78539485,0.00000000,0.00000000,0.00000000,0,0.78539819,1
2.032000,0.78539485,0.00000000,0.00000000,0.00000000,0,0.78539819,1
2.033000,0.78539485,0.00000000,0.00000000,0.00000000,0,0.78539819,1
2.034000,0.78539485,0.00000000,0.00000000,0.00000000,0,0.78539819,1
2.035000,0.78539485,0.00000000,0.00000000,0.00000000,0,0.78539819,1
2.036000,0.78539485,0.00000000,0.00000000,0.00000000,0,0.78539819,1
2.037000,0.78539485,0.00000000,0.00000000,0.00000000,0,0.78539819,1
2.038000,0.78539485,0.00000000,0.00000000,0.00000000,0,0.78539819,1
2.039000,0.78539485,0.00000000,0.00000000,0.00000000,0,0.78539819,1
2.040000,0.78539485,0.00000000,0.00000000,0.00000000,0,0.78539819,1
2.041000,0.78539485,0.00000000,0.00000000,0.00000000,0,0.78539819,1
2.042000,0.78539485,0.00000000,0.00000000,0.00000000,0,0.78539819,1
2.043000,0.78539485,0.00000000,0.00000000,0.00000000,0,0.78539819,1
2.044000,0.78539485,0.00000000,0.00000000,0.00000000,0,0.78539819,1
2.045000,0.78539485,0.00000000,0.00000000,0.00000000,0,0.78539819,1
2.046000,0.78539485,0.00000000,0.00000000,0.00000000,0,0.78539819,1
2.047000,0.78539485,0.00000000,0.00000000,0.00000000,0,0.78539819,1
2.048000,0.78539485,0.00000000,0.00000000,0.00000000,0,0.78539819,1
2.049000,0.78539485,0.00000000,0.00000000,0.00000000,0,0.78539819,1
2.050000,0.78539485,0.00000000,0.00000000,0.00000000,0,0.78539819,1
2.051000,0.78539485,0.00000000,0.00000000,0.00000000,0,0.78539819,1
2.052000,0.78539485,0.00000000,0.00000000,0.00000000,0,0.78539819,1
2.053000,0.78539485,0.00000000,0.00000000,0.00000000,0,0.78539819,1
2.054000,0.78539485,0.00000000,0.00000000,0.00000000,0,0.78539819,1
2.055000,0.78539485,0.00000000,0.00000000,0.00000000,0,0.78539819,1
2.056000,0.78539485,0.00000000,0.00000000,0.00000000,0,0.78539819,1
2.057000,0.78539485,0.00000000,0.00000000,0.00000000,0,0.78539819,1
2.058000,0.78539485,0.00000000,0.00000000,0.00000000,0,0.78539819,1
2.059000,0.78539485,0.00000000,0.00000000,0.00000000,0,0.78539819,1
2.060000,0.78539485,0.00000000,0.00000000,0.00000000,0,0.78539819,1
2.061000,0.78539485,0.00000000,0.00000000,0.00000000,0,0.78539819,1
2.062000,0.78539485,0.00000000,0.00000000,0.00000000,0,0.78539819,1
2.063000,0.78539485,0.00000000,0.00000000,0.00000000,0,0.78539819,1
2.064000,0.78539485,0.00000000,0.00000000,0.00000000,0,0.78539819,1
2.065000,0.78539485,0.00000000,0.00000000,0.00000000,0,0.78539819,1
2.066000,0.78539485,0.00000000,0.00000000,0.00000000,0,0.78539819,1
2.067000,0.78539485,0.00000000,0.00000000,0.00000000,0,0.78539819,1
2.068000,0.78539485,0.00000000,0.00000000,0.00000000,0,0.78539819,1
2.069000,0.78539485,0.00000000,0.00000000,0.00000000,0,0.78539819,1
2.070000,0.78539485,0.00000000,0.00000000,0.00000000,0,0.78539819,1
2.071000,0.78539485,0.00000000,0.00000000,0.00000000,0,0.78539819,1
2.072000,0.78539485,0.00000000,0.00000000,0.00000000,0,0.78539819,1
2.073000,0.78539485,0.00000000,0.00000000,0.00000000,0,0.78539819,1
2.074000,0.78539485,0.00000000,0.00000000,0.00000000,0,0.78539819,1
2.075000,0.78539485,0.00000000,0.00000000,0.00000000,0,0.78539819,1
2.076000,0.78539485,0.00000000,0.00000000,0.00000000,0,0.78539819,1
2.077000,0.78539485,0.00000000,0.00000000,0.00000000,0,0.78539819,1
2.078000,0.78539485,0.00000000,0.00000000,0.00000000,0,0.78539819,1
2.079000,0.78539485,0.00000000,0.00000000,0.00000000,0,0.78539819,1
2.080000,0.78539485,0.00000000,0.00000000,0.00000000,0,0.78539819,1
2.081000,0.78539485,0.00000000,0.00000000,0.00000000,0,0.78539819,1
2.082000,0.78539485,0.00000000,0.00000000,0.00000000,0,0.78539819,1
2.083000,0.78539485,0.00000000,0.00000000,0.00000000,0,0.78539819,1
2.084000,0.78539485,0.00000000,0.00000000,0.00000000,0,0.78539819,1
2.085000,0.78539485,0.00000000,0.00000000,0.00000000,0,0.78539819,1
2.086000,0.78539485,0.00000000,0.00000000,0.00000000,0,0.78539819,1
2.087000,0.78539485,0.00000000,0.00000000,0.00000000,0,0.78539819,1
2.088000,0.78539485,0.00000000,0.00000000,0.00000000,0,0.78539819,1
2.089000,0.78539485,0.00000000,0.00000000,0.00000000,0,0.78539819,1
2.090000,0.78539485,0.00000000,0.00000000,0.00000000,0,0.78539819,1
2.091000,0.78539485,0.00000000,0.00000000,0.00000000,0,0.78539819,1
2.092000,0.78539485,0.00000000,0.00000000,0.00000000,0,0.78539819,1
2.093000,0.78539485,0.00000000,0.00000000,0.00000000,0,0.78539819,1
2.094000,0.78539485,0.00000000,0.00000000,0.00000000,0,0.78539819,1
2.095000,0.78539485,0.00000000,0.00000000,0.00000000,0,0.78539819,1
2.096000,0.78539485,0.00000000,0.00000000,0.00000000,0,0.78539819,1
2.097000,0.78539485,0.00000000,0.00000000,0.00000000,0,0.78539819,1
2.098000,0.78539485,0.00000000,0.00000000,0.00000000,0,0.78539819,1
2.099000,0.78539485,0.00000000,0.00000000,0.00000000,0,0.78539819,1
2.100000,0.78539485,0.00000000,0.00000000,0.00000000,0,0.78539819,1
2.101000,0.78539485,0.00000000,0.00000000,0.00000000,0,0.78539819,1
2.102000,0.78539485,0.00000000,0.00000000,0.00000000,0,0.78539819,1
2.103000,0.78539485,0.00000000,0.00000000,0.00000000,0,0.78539819,1
2.104000,0.78539485,0.00000000,0.00000000,0.00000000,0,0.78539819,1
2.105000,0.78539485,0.00000000,0.00000000,0.00000000,0,0.78539819,1
2.106000,0.78539485,0.00000000,0.00000000,0.00000000,0,0.78539819,1
2.107000,0.78539485,0.00000000,0.00000000,0.00000000,0,0.78539819,1
2.108000,0.78539485,0.00000000,0.00000000,0.00000000,0,0.78539819,1
2.109000,0.78539485,0.00000000,0.00000000,0.00000000,0,0.78539819,1
2.110000,0.78539485,0.00000000,0.00000000,0.00000000,0,0.78539819,1
2.111000,0.78539485,0.00000000,0.00000000,0.00000000,0,0.78539819,1
2.112000,0.78539485,0.00000000,0.00000000,0.00000000,0,0.78539819,1
2.113000,0.78539485,0.00000000,0.00000000,0.00000000,0,0.78539819,1
2.114000,0.78539485,0.00000000,0.00000000,0.00000000,0,0.78539819,1
2.115000,0.78539485,0.00000000,0.00000000,0.00000000,0,0.78539819,1
2.116000,0.78539485,0.00000000,0.00000000,0.00000000,0,0.78539819,1
2.117000,0.78539485,0.00000000,0.00000000,0.00000000,0,0.78539819,1
2.118000,0.78539485,0.00000000,0.00000000,0.00000000,0,0.78539819,1
2.119000,0.78539485,0.00000000,0.00000000,0.00000000,0,0.78539819,1
2.120000,0.78539485,0.00000000,0.00000000,0.00000000,0,0.78539819,1
2.121000,0.78539485,0.00000000,0.00000000,0.00000000,0,0.78539819,1
2.122000,0.78539485,0.00000000,0.00000000,0.00000000,0,0.78539819,1
2.123000,0.78539485,0.00000000,0.00000000,0.00000000,0,0.78539819,1
2.124000,0.78539485,0.00000000,0.00000000,0.00000000,0,0.78539819,1
2.125000,0.78539485,0.00000000,0.00000000,0.00000000,0,0.78539819,1
2.126000,0.78539485,0.00000000,0.00000000,0.00000000,0,0.78539819,1
2.127000,0.78539485,0.00000000,0.00000000,0.00000000,0,0.78539819,1
2.128000,0.78539485,0.00000000,0.00000000,0.00000000,0,0.78539819,1
2.129000,0.78539485,0.00000000,0.00000000,0.00000000,0,0.78539819,1
2.130000,0.78539485,0.00000000,0.00000000,0.00000000,0,0.78539819,1
2.131000,0.78539485,0.00000000,0.00000000,0.00000000,0,0.78539819,1
2.132000,0.78539485,0.00000000,0.00000000,0.00000000,0,0.78539819,1
2.133000,0.78539485,0.00000000,0.00000000,0.00000000,0,0.78539819,1
2.134000,0.78539485,0.00000000,0.00000000,0.00000000,0,0.78539819,1
2.135000,0.78539485,0.00000000,0.00000000,0.00000000,0,0.78539819,1
2.136000,0.78539485,0.00000000,0.00000000,0.00000000,0,0.78539819,1
2.137000,0.78539485,0.00000000,0.00000000,0.00000000,0,0.78539819,1
2.138000,0.78539485,0.00000000,0.00000000,0.00000000,0,0.78539819,1
2.139000,0.78539485,0.00000000,0.00000000,0.00000000,0,0.78539819,1
2.140000,0.78539485,0.00000000,0.00000000,0.00000000,0,0.78539819,1
2.141000,0.78539485,0.00000000,0.00000000,0.00000000,0,0.78539819,1
2.142000,0.78539485,0.00000000,0.00000000,0.00000000,0,0.78539819,1
2.143000,0.78539485,0.00000000,0.00000000,0.00000000,0,0.78539819,1
2.144000,0.78539485,0.00000000,0.00000000,0.00000000,0,0.78539819,1
2.145000,0.78539485,0.00000000,0.00000000,0.00000000,0,0.78539819,1
2.146000,0.78539485,0.00000000,0.00000000,0.00000000,0,0.78539819,1
2.147000,0.78539485,0.00000000,0.00000000,0.00000000,0,0.78539819,1
2.148000,0.78539485,0.00000000,0.00000000,0.00000000,0,0.78539819,1
2.149000,0.78539485,0.00000000,0.00000000,0.00000000,0,0.78539819,1
2.150000,0.78539485,0.00000000,0.00000000,0.00000000,0,0.78539819,1
2.151000,0.78539485,0.00000000,0.00000000,0.00000000,0,0.78539819,1
2.152000,0.78539485,0.00000000,0.00000000,0.00000000,0,0.78539819,1
2.153000,0.78539485,0.00000000,0.00000000,0.00000000,0,0.78539819,1
2.154000,0.78539485,0.00000000,0.00000000,0.00000000,0,0.78539819,1
2.155000,0.78539485,0.00000000,0.00000000,0.00000000,0,0.78539819,1
2.156000,0.78539485,0.00000000,0.00000000,0.00000000,0,0.78539819,1
2.157000,0.78539485,0.00000000,0.00000000,0.00000000,0,0.78539819,1
2.158000,0.78539485,0.00000000,0.00000000,0.00000000,0,0.78539819,1
2.159000,0.78539485,0.00000000,0.00000000,0.00000000,0,0.78539819,1
2.160000,0.78539485,0.00000000,0.00000000,0.00000000,0,0.78539819,1
2.161000,0.78539485,0.00000000,0.00000000,0.00000000,0,0.78539819,1
2.162000,0.78539485,0.00000000,0.00000000,0.00000000,0,0.78539819,1
2.163000,0.78539485,0.00000000,0.00000000,0.00000000,0,0.78539819,1
2.164000,0.78539485,0.00000000,0.00000000,0.00000000,0,0.78539819,1
2.165000,0.78539485,0.00000000,0.00000000,0.00000000,0,0.78539819,1
2.166000,0.78539485,0.00000000,0.00000000,0.00000000,0,0.78539819,1
2.167000,0.78539485,0.00000000,0.00000000,0.00000000,0,0.78539819,1
2.168000,0.78539485,0.00000000,0.00000000,0.00000000,0,0.78539819,1
2.169000,0.78539485,0.00000000,0.00000000,0.00000000,0,0.78539819,1
2.170000,0.78539485,0.00000000,0.00000000,0.00000000,0,0.78539819,1
2.171000,0.78539485,0.00000000,0.00000000,0.00000000,0,0.78539819,1
2.172000,0.78539485,0.00000000,0.00000000,0.00000000,0,0.78539819,1
2.173000,0.78539485,0.00000000,0.00000000,0.00000000,0,0.78539819,1
2.174000,0.78539485,0.00000000,0.00000000,0.00000000,0,0.78539819,1
2.175000,0.78539485,0.00000000,0.00000000,0.00000000,0,0.78539819,1
2.176000,0.78539485,0.00000000,0.00000000,0.00000000,0,0.78539819,1
2.177000,0.78539485,0.00000000,0.00000000,0.00000000,0,0.78539819,1
2.178000,0.78539485,0.00000000,0.00000000,0.00000000,0,0.78539819,1
2.179000,0.78539485,0.00000000,0.00000000,0.00000000,0,0.78539819,1
2.180000,0.78539485,0.00000000,0.00000000,0.00000000,0,0.78539819,1
2.181000,0.78539485,0.00000000,0.00000000,0.00000000,0,0.78539819,1
2.182000,0.78539485,0.00000000,0.00000000,0.00000000,0,0.78539819,1
2.183000,0.78539485,0.00000000,0.00000000,0.00000000,0,0.78539819,1
2.184000,0.78539485,0.00000000,0.00000000,0.00000000,0,0.78539819,1
2.185000,0.78539485,0.00000000,0.00000000,0.00000000,0,0.78539819,1
2.186000,0.78539485,0.00000000,0.00000000,0.00000000,0,0.78539819,1
2.187000,0.78539485,0.00000000,0.00000000,0.00000000,0,0.78539819,1
2.188000,0.78539485,0.00000000,0.00000000,0.00000000,0,0.78539819,1
2.189000,0.78539485,0.00000000,0.00000000,0.00000000,0,0.78539819,1
2.190000,0.78539485,0.00000000,0.00000000,0.00000000,0,0.78539819,1
2.191000,0.78539485,0.00000000,0.00000000,0.00000000,0,0.78539819,1
2.192000,0.78539485,0.00000000,0.00000000,0.00000000,0,0.78539819,1
2.193000,0.78539485,0.00000000,0.00000000,0.00000000,0,0.78539819,1
2.194000,0.78539485,0.00000000,0.00000000,0.00000000,0,0.78539819,1
2.195000,0.78539485,0.00000000,0.00000000,0.00000000,0,0.78539819,1
2.196000,0.78539485,0.00000000,0.00000000,0.00000000,0,0.78539819,1
2.197000,0.78539485,0.00000000,0.00000000,0.00000000,0,0.78539819,1
2.198000,0.78539485,0.00000000,0.00000000,0.00000000,0,0.78539819,1
2.199000,0.78539485,0.00000000,0.00000000,0.00000000,0,0.78539819,1
2.200000,0.78539485,0.00000000,0.00000000,0.00000000,0,0.78539819,1
2.201000,0.78539485,0.00000000,0.00000000,0.00000000,0,0.78539819,1
2.202000,0.78539485,0.00000000,0.00000000,0.00000000,0,0.78539819,1
2.203000,0.78539485,0.00000000,0.00000000,0.00000000,0,0.78539819,1
2.204000,0.78539485,0.00000000,0.00000000,0.00000000,0,0.78539819,1
2.205000,0.78539485,0.00000000,0.00000000,0.00000000,0,0.78539819,1
2.206000,0.78539485,0.00000000,0.00000000,0.00000000,0,0.78539819,1
2.207000,0.78539485,0.00000000,0.00000000,0.00000000,0,0.78539819,1
2.208000,0.78539485,0.00000000,0.00000000,0.00000000,0,0.78539819,1
2.209000,0.78539485,0.00000000,0.00000000,0.00000000,0,0.78539819,1
2.210000,0.78539485,0.00000000,0.00000000,0.00000000,0,0.78539819,1
2.211000,0.78539485,0.00000000,0.00000000,0.00000000,0,0.78539819,1
2.212000,0.78539485,0.00000000,0.00000000,0.00000000,0,0.78539819,1
2.213000,0.78539485,0.00000000,0.00000000,0.00000000,0,0.78539819,1
2.214000,0.78539485,0.00000000,0.00000000,0.00000000,0,0.78539819,1
2.215000,0.78539485,0.00000000,0.00000000,0.00000000,0,0.78539819,1
2.216000,0.78539485,0.00000000,0.00000000,0.00000000,0,0.78539819,1
2.217000,0.78539485,0.00000000,0.00000000,0.00000000,0,0.78539819,1
2.218000,0.78539485,0.00000000,0.00000000,0.00000000,0,0.78539819,1
2.219000,0.78539485,0.00000000,0.00000000,0.00000000,0,0.78539819,1
2.220000,0.78539485,0.00000000,0.00000000,0.00000000,0,0.78539819,1
2.221000,0.78539485,0.00000000,0.00000000,0.00000000,0,0.78539819,1
2.222000,0.78539485,0.00000000,0.00000000,0.00000000,0,0.78539819,1
2.223000,0.78539485,0.00000000,0.00000000,0.00000000,0,0.78539819,1
2.224000,0.78539485,0.00000000,0.00000000,0.00000000,0,0.78539819,1
2.225000,0.78539485,0.00000000,0.00000000,0.00000000,0,0.78539819,1
2.226000,0.78539485,0.00000000,0.00000000,0.00000000,0,0.78539819,1
2.227000,0.78539485,0.00000000,0.00000000,0.00000000,0,0.78539819,1
2.228000,0.78539485,0.00000000,0.00000000,0.00000000,0,0.78539819,1
2.229000,0.78539485,0.00000000,0.00000000,0.00000000,0,0.78539819,1
2.230000,0.78539485,0.00000000,0.00000000,0.00000000,0,0.78539819,1
2.231000,0.78539485,0.00000000,0.00000000,0.00000000,0,0.78539819,1
2.232000,0.78539485,0.00000000,0.00000000,0.00000000,0,0.78539819,1
2.233000,0.78539485,0.00000000,0.00000000,0.00000000,0,0.78539819,1
2.234000,0.78539485,0.00000000,0.00000000,0.00000000,0,0.78539819,1
2.235000,0.78539485,0.00000000,0.00000000,0.00000000,0,0.78539819,1
2.236000,0.78539485,0.00000000,0.00000000,0.00000000,0,0.78539819,1
2.237000,0.78539485,0.00000000,0.00000000,0.00000000,0,0.78539819,1
2.238000,0.78539485,0.00000000,0.00000000,0.00000000,0,0.78539819,1
2.239000,0.78539485,0.00000000,0.00000000,0.00000000,0,0.78539819,1
2.240000,0.78539485,0.00000000,0.00000000,0.00000000,0,0.78539819,1
2.241000,0.78539485,0.00000000,0.00000000,0.00000000,0,0.78539819,1
2.242000,0.78539485,0.00000000,0.00000000,0.00000000,0,0.78539819,1
2.243000,0.78539485,0.00000000,0.00000000,0.00000000,0,0.78539819,1
2.244000,0.78539485,0.00000000,0.00000000,0.00000000,0,0.78539819,1
2.245000,0.78539485,0.00000000,0.00000000,0.00000000,0,0.78539819,1
2.246000,0.78539485,0.00000000,0.00000000,0.00000000,0,0.78539819,1
2.247000,0.78539485,0.00000000,0.00000000,0.00000000,0,0.78539819,1
2.248000,0.78539485,0.00000000,0.00000000,0.00000000,0,0.78539819,1
2.249000,0.78539485,0.00000000,0.00000000,0.00000000,0,0.78539819,1
2.250000,0.78539485,0.00000000,0.00000000,0.00000000,0,0.78539819,1
2.251000,0.78539485,0.00000000,0.00000000,0.00000000,0,0.78539819,1
2.252000,0.78539485,0.00000000,0.00000000,0.00000000,0,0.78539819,1
2.253000,0.78539485,0.00000000,0.00000000,0.00000000,0,0.78539819,1
2.254000,0.78539485,0.00000000,0.00000000,0.00000000,0,0.78539819,1
2.255000,0.78539485,0.00000000,0.00000000,0.00000000,0,0.78539819,1
2.256000,0.78539485,0.00000000,0.00000000,0.00000000,0,0.78539819,1
2.257000,0.78539485,0.00000000,0.00000000,0.00000000,0,0.78539819,1
2.258000,0.78539485,0.00000000,0.00000000,0.00000000,0,0.78539819,1
2.259000,0.78539485,0.00000000,0.00000000,0.00000000,0,0.78539819,1
2.260000,0.78539485,0.00000000,0.00000000,0.00000000,0,0.78539819,1
2.261000,0.78539485,0.00000000,0.00000000,0.00000000,0,0.78539819,1
2.262000,0.78539485,0.00000000,0.00000000,0.00000000,0,0.78539819,1
2.263000,0.78539485,0.00000000,0.00000000,0.00000000,0,0.78539819,1
2.264000,0.78539485,0.00000000,0.00000000,0.00000000,0,0.78539819,1
2.265000,0.78539485,0.00000000,0.00000000,0.00000000,0,0.78539819,1
2.266000,0.78539485,0.00000000,0.00000000,0.00000000,0,0.78539819,1
2.267000,0.78539485,0.00000000,0.00000000,0.00000000,0,0.78539819,1
2.268000,0.78539485,0.00000000,0.00000000,0.00000000,0,0.78539819,1
2.269000,0.78539485,0.00000000,0.00000000,0.00000000,0,0.78539819,1
2.270000,0.78539485,0.00000000,0.00000000,0.00000000,0,0.78539819,1
2.271000,0.78539485,0.00000000,0.00000000,0.00000000,0,0.78539819,1
2.272000,0.78539485,0.00000000,0.00000000,0.00000000,0,0.78539819,1
2.273000,0.78539485,0.00000000,0.00000000,0.00000000,0,0.78539819,1
2.274000,0.78539485,0.00000000,0.00000000,0.00000000,0,0.78539819,1
2.275000,0.78539485,0.00000000,0.00000000,0.00000000,0,0.78539819,1
2.276000,0.78539485,0.00000000,0.00000000,0.00000000,0,0.78539819,1
2.277000,0.78539485,0.00000000,0.00000000,0.00000000,0,0.78539819,1
2.278000,0.78539485,0.00000000,0.00000000,0.00000000,0,0.78539819,1
2.279000,0.78539485,0.00000000,0.00000000,0.00000000,0,0.78539819,1
2.280000,0.78539485,0.00000000,0.00000000,0.00000000,0,0.78539819,1
2.281000,0.78539485,0.00000000,0.00000000,0.00000000,0,0.78539819,1
2.282000,0.78539485,0.00000000,0.00000000,0.00000000,0,0.78539819,1
2.283000,0.78539485,0.00000000,0.00000000,0.00000000,0,0.78539819,1
2.284000,0.78539485,0.00000000,0.00000000,0.00000000,0,0.78539819,1
2.285000,0.78539485,0.00000000,0.00000000,0.00000000,0,0.78539819,1
2.286000,0.78539485,0.00000000,0.00000000,0.00000000,0,0.78539819,1
2.287000,0.78539485,0.00000000,0.00000000,0.00000000,0,0.78539819,1
2.288000,0.78539485,0.00000000,0.00000000,0.00000000,0,0.78539819,1
2.289000,0.78539485,0.00000000,0.00000000,0.00000000,0,0.78539819,1
2.290000,0.78539485,0.00000000,0.00000000,0.00000000,0,0.78539819,1
2.291000,0.78539485,0.00000000,0.00000000,0.00000000,0,0.78539819,1
2.292000,0.78539485,0.00000000,0.00000000,0.00000000,0,0.78539819,1
2.293000,0.78539485,0.00000000,0.00000000,0.00000000,0,0.78539819,1
2.294000,0.78539485,0.00000000,0.00000000,0.00000000,0,0.78539819,1
2.295000,0.78539485,0.00000000,0.00000000,0.00000000,0,0.78539819,1
2.296000,0.78539485,0.00000000,0.00000000,0.00000000,0,0.78539819,1
2.297000,0.78539485,0.00000000,0.00000000,0.00000000,0,0.78539819,1
2.298000,0.78539485,0.00000000,0.00000000,0.00000000,0,0.78539819,1
2.299000,0.78539485,0.00000000,0.00000000,0.00000000,0,0.78539819,1
2.300000,0.78539485,0.00000000,0.00000000,0.00000000,0,0.78539819,1
2.301000,0.78539485,0.00000000,0.00000000,0.00000000,0,0.78539819,1
2.302000,0.78539485,0.00000000,0.00000000,0.00000000,0,0.78539819,1
2.303000,0.78539485,0.00000000,0.00000000,0.00000000,0,0.78539819,1
2.304000,0.78539485,0.00000000,0.00000000,0.00000000,0,0.78539819,1
2.305000,0.78539485,0.00000000,0.00000000,0.00000000,0,0.78539819,1
2.306000,0.78539485,0.00000000,0.00000000,0.00000000,0,0.78539819,1
2.307000,0.78539485,0.00000000,0.00000000,0.00000000,0,0.78539819,1
2.308000,0.78539485,0.00000000,0.00000000,0.00000000,0,0.78539819,1
2.309000,0.78539485,0.00000000,0.00000000,0.00000000,0,0.78539819,1
2.310000,0.78539485,0.00000000,0.00000000,0.00000000,0,0.78539819,1
2.311000,0.78539485,0.00000000,0.00000000,0.00000000,0,0.78539819,1
2.312000,0.78539485,0.00000000,0.00000000,0.00000000,0,0.78539819,1
2.313000,0.78539485,0.00000000,0.00000000,0.00000000,0,0.78539819,1
2.314000,0.78539485,0.00000000,0.00000000,0.00000000,0,0.78539819,1
2.315000,0.78539485,0.00000000,0.00000000,0.00000000,0,0.78539819,1
2.316000,0.78539485,0.00000000,0.00000000,0.00000000,0,0.78539819,1
2.317000,0.78539485,0.00000000,0.00000000,0.00000000,0,0.78539819,1
2.318000,0.78539485,0.00000000,0.00000000,0.00000000,0,0.78539819,1
2.319000,0.78539485,0.00000000,0.00000000,0.00000000,0,0.78539819,1
2.320000,0.78539485,0.00000000,0.00000000,0.00000000,0,0.78539819,1
2.321000,0.78539485,0.00000000,0.00000000,0.00000000,0,0.78539819,1
2.322000,0.78539485,0.00000000,0.00000000,0.00000000,0,0.78539819,1
2.323000,0.78539485,0.00000000,0.00000000,0.00000000,0,0.78539819,1
2.324000,0.78539485,0.00000000,0.00000000,0.00000000,0,0.78539819,1
2.325000,0.78539485,0.00000000,0.00000000,0.00000000,0,0.78539819,1
2.326000,0.78539485,0.00000000,0.00000000,0.00000000,0,0.78539819,1
2.327000,0.78539485,0.00000000,0.00000000,0.00000000,0,0.78539819,1
2.328000,0.78539485,0.00000000,0.00000000,0.00000000,0,0.78539819,1
2.329000,0.78539485,0.00000000,0.00000000,0.00000000,0,0.78539819,1
2.330000,0.78539485,0.00000000,0.00000000,0.00000000,0,0.78539819,1
2.331000,0.78539485,0.00000000,0.00000000,0.00000000,0,0.78539819,1
2.332000,0.78539485,0.00000000,0.00000000,0.00000000,0,0.78539819,1
2.333000,0.78539485,0.00000000,0.00000000,0.00000000,0,0.78539819,1
2.334000,0.78539485,0.00000000,0.00000000,0.00000000,0,0.78539819,1
2.335000,0.78539485,0.00000000,0.00000000,0.00000000,0,0.78539819,1
2.336000,0.78539485,0.00000000,0.00000000,0.00000000,0,0.78539819,1
2.337000,0.78539485,0.00000000,0.00000000,0.00000000,0,0.78539819,1
2.338000,0.78539485,0.00000000,0.00000000,0.00000000,0,0.78539819,1
2.339000,0.78539485,0.00000000,0.00000000,0.00000000,0,0.78539819,1
2.340000,0.78539485,0.00000000,0.00000000,0.00000000,0,0.78539819,1
2.341000,0.78539485,0.00000000,0.00000000,0.00000000,0,0.78539819,1
2.342000,0.78539485,0.00000000,0.00000000,0.00000000,0,0.78539819,1
2.343000,0.78539485,0.00000000,0.00000000,0.00000000,0,0.78539819,1
2.344000,0.78539485,0.00000000,0.00000000,0.00000000,0,0.78539819,1
2.345000,0.78539485,0.00000000,0.00000000,0.00000000,0,0.78539819,1
2.346000,0.78539485,0.00000000,0.00000000,0.00000000,0,0.78539819,1
2.347000,0.78539485,0.00000000,0.00000000,0.00000000,0,0.78539819,1
2.348000,0.78539485,0.00000000,0.00000000,0.00000000,0,0.78539819,1
2.349000,0.78539485,0.00000000,0.00000000,0.00000000,0,0.78539819,1
2.350000,0.78539485,0.00000000,0.00000000,0.00000000,0,0.78539819,1
2.351000,0.78539485,0.00000000,0.00000000,0.00000000,0,0.78539819,1
2.352000,0.78539485,0.00000000,0.00000000,0.00000000,0,0.78539819,1
2.353000,0.78539485,0.00000000,0.00000000,0.00000000,0,0.78539819,1
2.354000,0.78539485,0.00000000,0.00000000,0.00000000,0,0.78539819,1
2.355000,0.78539485,0.00000000,0.00000000,0.00000000,0,0.78539819,1
2.356000,0.78539485,0.00000000,0.00000000,0.00000000,0,0.78539819,1
2.357000,0.78539485,0.00000000,0.00000000,0.00000000,0,0.78539819,1
2.358000,0.78539485,0.00000000,0.00000000,0.00000000,0,0.78539819,1
2.359000,0.78539485,0.00000000,0.00000000,0.00000000,0,0.78539819,1
2.360000,0.78539485,0.00000000,0.00000000,0.00000000,0,0.78539819,1
2.361000,0.78539485,0.00000000,0.00000000,0.00000000,0,0.78539819,1
2.362000,0.78539485,0.00000000,0.00000000,0.00000000,0,0.78539819,1
2.363000,0.78539485,0.00000000,0.00000000,0.00000000,0,0.78539819,1
2.364000,0.78539485,0.00000000,0.00000000,0.00000000,0,0.78539819,1
2.365000,0.78539485,0.00000000,0.00000000,0.00000000,0,0.78539819,1
2.366000,0.78539485,0.00000000,0.00000000,0.00000000,0,0.78539819,1
2.367000,0.78539485,0.00000000,0.00000000,0.00000000,0,0.78539819,1
2.368000,0.78539485,0.00000000,0.00000000,0.00000000,0,0.78539819,1
2.369000,0.78539485,0.00000000,0.00000000,0.00000000,0,0.78539819,1
2.370000,0.78539485,0.00000000,0.00000000,0.00000000,0,0.78539819,1
2.371000,0.78539485,0.00000000,0.00000000,0.00000000,0,0.78539819,1
2.372000,0.78539485,0.00000000,0.00000000,0.00000000,0,0.78539819,1
2.373000,0.78539485,0.00000000,0.00000000,0.00000000,0,0.78539819,1
2.374000,0.78539485,0.00000000,0.00000000,0.00000000,0,0.78539819,1
2.375000,0.78539485,0.00000000,0.00000000,0.00000000,0,0.78539819,1
2.376000,0.78539485,0.00000000,0.00000000,0.00000000,0,0.78539819,1
2.377000,0.78539485,0.00000000,0.00000000,0.00000000,0,0.78539819,1
2.378000,0.78539485,0.00000000,0.00000000,0.00000000,0,0.78539819,1
2.379000,0.78539485,0.00000000,0.00000000,0.00000000,0,0.78539819,1
2.380000,0.78539485,0.00000000,0.00000000,0.00000000,0,0.78539819,1
2.381000,0.78539485,0.00000000,0.00000000,0.00000000,0,0.78539819,1
2.382000,0.78539485,0.00000000,0.00000000,0.00000000,0,0.78539819,1
2.383000,0.78539485,0.00000000,0.00000000,0.00000000,0,0.78539819,1
2.384000,0.78539485,0.00000000,0.00000000,0.00000000,0,0.78539819,1
2.385000,0.78539485,0.00000000,0.00000000,0.00000000,0,0.78539819,1
2.386000,0.78539485,0.00000000,0.00000000,0.00000000,0,0.78539819,1
2.387000,0.78539485,0.00000000,0.00000000,0.00000000,0,0.78539819,1
2.388000,0.78539485,0.00000000,0.00000000,0.00000000,0,0.78539819,1
2.389000,0.78539485,0.00000000,0.00000000,0.00000000,0,0.78539819,1
2.390000,0.78539485,0.00000000,0.00000000,0.00000000,0,0.78539819,1
2.391000,0.78539485,0.00000000,0.00000000,0.00000000,0,0.78539819,1
2.392000,0.78539485,0.00000000,0.00000000,0.00000000,0,0.78539819,1
2.393000,0.78539485,0.00000000,0.00000000,0.00000000,0,0.78539819,1
2.394000,0.78539485,0.00000000,0.00000000,0.00000000,0,0.78539819,1
2.395000,0.78539485,0.00000000,0.00000000,0.00000000,0,0.78539819,1
2.396000,0.78539485,0.00000000,0.00000000,0.00000000,0,0.78539819,1
2.397000,0.78539485,0.00000000,0.00000000,0.00000000,0,0.78539819,1
2.398000,0.78539485,0.00000000,0.00000000,0.00000000,0,0.78539819,1
2.399000,0.78539485,0.00000000,0.00000000,0.00000000,0,0.78539819,1
2.400000,0.78539485,0.00000000,0.00000000,0.00000000,0,0.78539819,1
2.401000,0.78539485,0.00000000,0.00000000,0.00000000,0,0.78539819,1
2.402000,0.78539485,0.00000000,0.00000000,0.00000000,0,0.78539819,1
2.403000,0.78539485,0.00000000,0.00000000,0.00000000,0,0.78539819,1
2.404000,0.78539485,0.00000000,0.00000000,0.00000000,0,0.78539819,1
2.405000,0.78539485,0.00000000,0.00000000,0.00000000,0,0.78539819,1
2.406000,0.78539485,0.00000000,0.00000000,0.00000000,0,0.78539819,1
2.407000,0.78539485,0.00000000,0.00000000,0.00000000,0,0.78539819,1
2.408000,0.78539485,0.00000000,0.00000000,0.00000000,0,0.78539819,1
2.409000,0.78539485,0.00000000,0.00000000,0.00000000,0,0.78539819,1
2.410000,0.78539485,0.00000000,0.00000000,0.00000000,0,0.78539819,1
2.411000,0.78539485,0.00000000,0.00000000,0.00000000,0,0.78539819,1
2.412000,0.78539485,0.00000000,0.00000000,0.00000000,0,0.78539819,1
2.413000,0.78539485,0.00000000,0.00000000,0.00000000,0,0.78539819,1
2.414000,0.78539485,0.00000000,0.00000000,0.00000000,0,0.78539819,1
2.415000,0.78539485,0.00000000,0.00000000,0.00000000,0,0.78539819,1
2.416000,0.78539485,0.00000000,0.00000000,0.00000000,0,0.78539819,1
2.417000,0.78539485,0.00000000,0.00000000,0.00000000,0,0.78539819,1
2.418000,0.78539485,0.00000000,0.00000000,0.00000000,0,0.78539819,1
2.419000,0.78539485,0.00000000,0.00000000,0.00000000,0,0.78539819,1
2.420000,0.78539485,0.00000000,0.00000000,0.00000000,0,0.78539819,1
2.421000,0.78539485,0.00000000,0.00000000,0.00000000,0,0.78539819,1
2.422000,0.78539485,0.00000000,0.00000000,0.00000000,0,0.78539819,1
2.423000,0.78539485,0.00000000,0.00000000,0.00000000,0,0.78539819,1
2.424000,0.78539485,0.00000000,0.00000000,0.00000000,0,0.78539819,1
2.425000,0.78539485,0.00000000,0.00000000,0.00000000,0,0.78539819,1
2.426000,0.78539485,0.00000000,0.00000000,0.00000000,0,0.78539819,1
2.427000,0.78539485,0.00000000,0.00000000,0.00000000,0,0.78539819,1
2.428000,0.78539485,0.00000000,0.00000000,0.00000000,0,0.78539819,1
2.429000,0.78539485,0.00000000,0.00000000,0.00000000,0,0.78539819,1
2.430000,0.78539485,0.00000000,0.00000000,0.00000000,0,0.78539819,1
2.431000,0.78539485,0.00000000,0.00000000,0.00000000,0,0.78539819,1
2.432000,0.78539485,0.00000000,0.00000000,0.00000000,0,0.78539819,1
2.433000,0.78539485,0.00000000,0.00000000,0.00000000,0,0.78539819,1
2.434000,0.78539485,0.00000000,0.00000000,0.00000000,0,0.78539819,1
2.435000,0.78539485,0.00000000,0.00000000,0.00000000,0,0.78539819,1
2.436000,0.78539485,0.00000000,0.00000000,0.00000000,0,0.78539819,1
2.437000,0.78539485,0.00000000,0.00000000,0.00000000,0,0.78539819,1
2.438000,0.78539485,0.00000000,0.00000000,0.00000000,0,0.78539819,1
2.439000,0.78539485,0.00000000,0.00000000,0.00000000,0,0.78539819,1
2.440000,0.78539485,0.00000000,0.00000000,0.00000000,0,0.78539819,1
2.441000,0.78539485,0.00000000,0.00000000,0.00000000,0,0.78539819,1
2.442000,0.78539485,0.00000000,0.00000000,0.00000000,0,0.78539819,1
2.443000,0.78539485,0.00000000,0.00000000,0.00000000,0,0.78539819,1
2.444000,0.78539485,0.00000000,0.00000000,0.00000000,0,0.78539819,1
2.445000,0.78539485,0.00000000,0.00000000,0.00000000,0,0.78539819,1
2.446000,0.78539485,0.00000000,0.00000000,0.00000000,0,0.78539819,1
2.447000,0.78539485,0.00000000,0.00000000,0.00000000,0,0.78539819,1
2.448000,0.78539485,0.00000000,0.00000000,0.00000000,0,0.78539819,1
2.449000,0.78539485,0.00000000,0.00000000,0.00000000,0,0.78539819,1
2.450000,0.78539485,0.00000000,0.00000000,0.00000000,0,0.78539819,1
2.451000,0.78539485,0.00000000,0.00000000,0.00000000,0,0.78539819,1
2.452000,0.78539485,0.00000000,0.00000000,0.00000000,0,0.78539819,1
2.453000,0.78539485,0.00000000,0.00000000,0.00000000,0,0.78539819,1
2.454000,0.78539485,0.00000000,0.00000000,0.00000000,0,0.78539819,1
2.455000,0.78539485,0.00000000,0.00000000,0.00000000,0,0.78539819,1
2.456000,0.78539485,0.00000000,0.00000000,0.00000000,0,0.78539819,1
2.457000,0.78539485,0.00000000,0.00000000,0.00000000,0,0.78539819,1
2.458000,0.78539485,0.00000000,0.00000000,0.00000000,0,0.78539819,1
2.459000,0.78539485,0.00000000,0.00000000,0.00000000,0,0.78539819,1
2.460000,0.78539485,0.00000000,0.00000000,0.00000000,0,0.78539819,1
2.461000,0.78539485,0.00000000,0.00000000,0.00000000,0,0.78539819,1
2.462000,0.78539485,0.00000000,0.00000000,0.00000000,0,0.78539819,1
2.463000,0.78539485,0.00000000,0.00000000,0.00000000,0,0.78539819,1
2.464000,0.78539485,0.00000000,0.00000000,0.00000000,0,0.78539819,1
2.465000,0.78539485,0.00000000,0.00000000,0.00000000,0,0.78539819,1
2.466000,0.78539485,0.00000000,0.00000000,0.00000000,0,0.78539819,1
2.467000,0.78539485,0.00000000,0.00000000,0.00000000,0,0.78539819,1
2.468000,0.78539485,0.00000000,0.00000000,0.00000000,0,0.78539819,1
2.469000,0.78539485,0.00000000,0.00000000,0.00000000,0,0.78539819,1
2.470000,0.78539485,0.00000000,0.00000000,0.00000000,0,0.78539819,1
2.471000,0.78539485,0.00000000,0.00000000,0.00000000,0,0.78539819,1
2.472000,0.78539485,0.00000000,0.00000000,0.00000000,0,0.78539819,1
2.473000,0.78539485,0.00000000,0.00000000,0.00000000,0,0.78539819,1
2.474000,0.78539485,0.00000000,0.00000000,0.00000000,0,0.78539819,1
2.475000,0.78539485,0.00000000,0.00000000,0.00000000,0,0.78539819,1
2.476000,0.78539485,0.00000000,0.00000000,0.00000000,0,0.78539819,1
2.477000,0.78539485,0.00000000,0.00000000,0.00000000,0,0.78539819,1
2.478000,0.78539485,0.00000000,0.00000000,0.00000000,0,0.78539819,1
2.479000,0.78539485,0.00000000,0.00000000,0.00000000,0,0.78539819,1
2.480000,0.78539485,0.00000000,0.00000000,0.00000000,0,0.78539819,1
2.481000,0.78539485,0.00000000,0.00000000,0.00000000,0,0.78539819,1
2.482000,0.78539485,0.00000000,0.00000000,0.00000000,0,0.78539819,1
2.483000,0.78539485,0.00000000,0.00000000,0.00000000,0,0.78539819,1
2.484000,0.78539485,0.00000000,0.00000000,0.00000000,0,0.78539819,1
2.485000,0.78539485,0.00000000,0.00000000,0.00000000,0,0.78539819,1
2.486000,0.78539485,0.00000000,0.00000000,0.00000000,0,0.78539819,1
2.487000,0.78539485,0.00000000,0.00000000,0.00000000,0,0.78539819,1
2.488000,0.78539485,0.00000000,0.00000000,0.00000000,0,0.78539819,1
2.489000,0.78539485,0.00000000,0.00000000,0.00000000,0,0.78539819,1
2.490000,0.78539485,0.00000000,0.00000000,0.00000000,0,0.78539819,1
2.491000,0.78539485,0.00000000,0.00000000,0.00000000,0,0.78539819,1
2.492000,0.78539485,0.00000000,0.00000000,0.00000000,0,0.78539819,1
2.493000,0.78539485,0.00000000,0.00000000,0.00000000,0,0.78539819,1
2.494000,0.78539485,0.00000000,0.00000000,0.00000000,0,0.78539819,1
2.495000,0.78539485,0.00000000,0.00000000,0.00000000,0,0.78539819,1
2.496000,0.78539485,0.00000000,0.00000000,0.00000000,0,0.78539819,1
2.497000,0.78539485,0.00000000,0.00000000,0.00000000,0,0.78539819,1
2.498000,0.78539485,0.00000000,0.00000000,0.00000000,0,0.78539819,1
2.499000,0.78539485,0.00000000,0.00000000,0.00000000,0,0.78539819,1
2.500000,0.78539485,0.00000000,0.00000000,0.00000000,0,0.78539819,1
2.501000,0.78539485,0.00000000,0.00000000,0.00000000,0,0.78539819,1
2.502000,0.78539485,0.00000000,0.00000000,0.00000000,0,0.78539819,1
2.503000,0.78539485,0.00000000,0.00000000,0.00000000,0,0.78539819,1
2.504000,0.78539485,0.00000000,0.00000000,0.00000000,0,0.78539819,1
2.505000,0.78539485,0.00000000,0.00000000,0.00000000,0,0.78539819,1
2.506000,0.78539485,0.00000000,0.00000000,0.00000000,0,0.78539819,1
2.507000,0.78539485,0.00000000,0.00000000,0.00000000,0,0.78539819,1
2.508000,0.78539485,0.00000000,0.00000000,0.00000000,0,0.78539819,1
2.509000,0.78539485,0.00000000,0.00000000,0.00000000,0,0.78539819,1
2.510000,0.78539485,0.00000000,0.00000000,0.00000000,0,0.78539819,1
2.511000,0.78539485,0.00000000,0.00000000,0.00000000,0,0.78539819,1
2.512000,0.78539485,0.00000000,0.00000000,0.00000000,0,0.78539819,1
2.513000,0.78539485,0.00000000,0.00000000,0.00000000,0,0.78539819,1
2.514000,0.78539485,0.00000000,0.00000000,0.00000000,0,0.78539819,1
2.515000,0.78539485,0.00000000,0.00000000,0.00000000,0,0.78539819,1
2.516000,0.78539485,0.00000000,0.00000000,0.00000000,0,0.78539819,1
2.517000,0.78539485,0.00000000,0.00000000,0.00000000,0,0.78539819,1
2.518000,0.78539485,0.00000000,0.00000000,0.00000000,0,0.78539819,1
2.519000,0.78539485,0.00000000,0.00000000,0.00000000,0,0.78539819,1
2.520000,0.78539485,0.00000000,0.00000000,0.00000000,0,0.78539819,1
2.521000,0.78539485,0.00000000,0.00000000,0.00000000,0,0.78539819,1
2.522000,0.78539485,0.00000000,0.00000000,0.00000000,0,0.78539819,1
2.523000,0.78539485,0.00000000,0.00000000,0.00000000,0,0.78539819,1
2.524000,0.78539485,0.00000000,0.00000000,0.00000000,0,0.78539819,1
2.525000,0.78539485,0.00000000,0.00000000,0.00000000,0,0.78539819,1
2.526000,0.78539485,0.00000000,0.00000000,0.00000000,0,0.78539819,1
2.527000,0.78539485,0.00000000,0.00000000,0.00000000,0,0.78539819,1
2.528000,0.78539485,0.00000000,0.00000000,0.00000000,0,0.78539819,1
2.529000,0.78539485,0.00000000,0.00000000,0.00000000,0,0.78539819,1
2.530000,0.78539485,0.00000000,0.00000000,0.00000000,0,0.78539819,1
2.531000,0.78539485,0.00000000,0.00000000,0.00000000,0,0.78539819,1
2.532000,0.78539485,0.00000000,0.00000000,0.00000000,0,0.78539819,1
2.533000,0.78539485,0.00000000,0.00000000,0.00000000,0,0.78539819,1
2.534000,0.78539485,0.00000000,0.00000000,0.00000000,0,0.78539819,1
2.535000,0.78539485,0.00000000,0.00000000,0.00000000,0,0.78539819,1
2.536000,0.78539485,0.00000000,0.00000000,0.00000000,0,0.78539819,1
2.537000,0.78539485,0.00000000,0.00000000,0.00000000,0,0.78539819,1
2.538000,0.78539485,0.00000000,0.00000000,0.00000000,0,0.78539819,1
2.539000,0.78539485,0.00000000,0.00000000,0.00000000,0,0.78539819,1
2.540000,0.78539485,0.00000000,0.00000000,0.00000000,0,0.78539819,1
2.541000,0.78539485,0.00000000,0.00000000,0.00000000,0,0.78539819,1
2.542000,0.78539485,0.00000000,0.00000000,0.00000000,0,0.78539819,1
2.543000,0.78539485,0.00000000,0.00000000,0.00000000,0,0.78539819,1
2.544000,0.78539485,0.00000000,0.00000000,0.00000000,0,0.78539819,1
2.545000,0.78539485,0.00000000,0.00000000,0.00000000,0,0.78539819,1
2.546000,0.78539485,0.00000000,0.00000000,0.00000000,0,0.78539819,1
2.547000,0.78539485,0.00000000,0.00000000,0.00000000,0,0.78539819,1
2.548000,0.78539485,0.00000000,0.00000000,0.00000000,0,0.78539819,1
2.549000,0.78539485,0.00000000,0.00000000,0.00000000,0,0.78539819,1
2.550000,0.78539485,0.00000000,0.00000000,0.00000000,0,0.78539819,1
2.551000,0.78539485,0.00000000,0.00000000,0.00000000,0,0.78539819,1
2.552000,0.78539485,0.00000000,0.00000000,0.00000000,0,0.78539819,1
2.553000,0.78539485,0.00000000,0.00000000,0.00000000,0,0.78539819,1
2.554000,0.78539485,0.00000000,0.00000000,0.00000000,0,0.78539819,1
2.555000,0.78539485,0.00000000,0.00000000,0.00000000,0,0.78539819,1
2.556000,0.78539485,0.00000000,0.00000000,0.00000000,0,0.78539819,1
2.557000,0.78539485,0.00000000,0.00000000,0.00000000,0,0.78539819,1
2.558000,0.78539485,0.00000000,0.00000000,0.00000000,0,0.78539819,1
2.559000,0.78539485,0.00000000,0.00000000,0.00000000,0,0.78539819,1
2.560000,0.78539485,0.00000000,0.00000000,0.00000000,0,0.78539819,1
2.561000,0.78539485,0.00000000,0.00000000,0.00000000,0,0.78539819,1
2.562000,0.78539485,0.00000000,0.00000000,0.00000000,0,0.78539819,1
2.563000,0.78539485,0.00000000,0.00000000,0.00000000,0,0.78539819,1
2.564000,0.78539485,0.00000000,0.00000000,0.00000000,0,0.78539819,1
2.565000,0.78539485,0.00000000,0.00000000,0.00000000,0,0.78539819,1
2.566000,0.78539485,0.00000000,0.00000000,0.00000000,0,0.78539819,1
2.567000,0.78539485,0.00000000,0.00000000,0.00000000,0,0.78539819,1
2.568000,0.78539485,0.00000000,0.00000000,0.00000000,0,0.78539819,1
2.569000,0.78539485,0.00000000,0.00000000,0.00000000,0,0.78539819,1
2.570000,0.78539485,0.00000000,0.00000000,0.00000000,0,0.78539819,1
2.571000,0.78539485,0.00000000,0.00000000,0.00000000,0,0.78539819,1
2.572000,0.78539485,0.00000000,0.00000000,0.00000000,0,0.78539819,1
2.573000,0.78539485,0.00000000,0.00000000,0.00000000,0,0.78539819,1
2.574000,0.78539485,0.00000000,0.00000000,0.00000000,0,0.78539819,1
2.575000,0.78539485,0.00000000,0.00000000,0.00000000,0,0.78539819,1
2.576000,0.78539485,0.00000000,0.00000000,0.00000000,0,0.78539819,1
2.577000,0.78539485,0.00000000,0.00000000,0.00000000,0,0.78539819,1
2.578000,0.78539485,0.00000000,0.00000000,0.00000000,0,0.78539819,1
2.579000,0.78539485,0.00000000,0.00000000,0.00000000,0,0.78539819,1
2.580000,0.78539485,0.00000000,0.00000000,0.00000000,0,0.78539819,1
2.581000,0.78539485,0.00000000,0.00000000,0.00000000,0,0.78539819,1
2.582000,0.78539485,0.00000000,0.00000000,0.00000000,0,0.78539819,1
2.583000,0.78539485,0.00000000,0.00000000,0.00000000,0,0.78539819,1
2.584000,0.78539485,0.00000000,0.00000000,0.00000000,0,0.78539819,1
2.585000,0.78539485,0.00000000,0.00000000,0.00000000,0,0.78539819,1
2.586000,0.78539485,0.00000000,0.00000000,0.00000000,0,0.78539819,1
2.587000,0.78539485,0.00000000,0.00000000,0.00000000,0,0.78539819,1
2.588000,0.78539485,0.00000000,0.00000000,0.00000000,0,0.78539819,1
2.589000,0.78539485,0.00000000,0.00000000,0.00000000,0,0.78539819,1
2.590000,0.78539485,0.00000000,0.00000000,0.00000000,0,0.78539819,1
2.591000,0.78539485,0.00000000,0.00000000,0.00000000,0,0.78539819,1
2.592000,0.78539485,0.00000000,0.00000000,0.00000000,0,0.78539819,1
2.593000,0.78539485,0.00000000,0.00000000,0.00000000,0,0.78539819,1
2.594000,0.78539485,0.00000000,0.00000000,0.00000000,0,0.78539819,1
2.595000,0.78539485,0.00000000,0.00000000,0.00000000,0,0.78539819,1
2.596000,0.78539485,0.00000000,0.00000000,0.00000000,0,0.78539819,1
2.597000,0.78539485,0.00000000,0.00000000,0.00000000,0,0.78539819,1
2.598000,0.78539485,0.00000000,0.00000000,0.00000000,0,0.78539819,1
2.599000,0.78539485,0.00000000,0.00000000,0.00000000,0,0.78539819,1
2.600000,0.78539485,0.00000000,0.00000000,0.00000000,0,0.78539819,1
2.601000,0.78539485,0.00000000,0.00000000,0.00000000,0,0.78539819,1
2.602000,0.78539485,0.00000000,0.00000000,0.00000000,0,0.78539819,1
2.603000,0.78539485,0.00000000,0.00000000,0.00000000,0,0.78539819,1
2.604000,0.78539485,0.00000000,0.00000000,0.00000000,0,0.78539819,1
2.605000,0.78539485,0.00000000,0.00000000,0.00000000,0,0.78539819,1
2.606000,0.78539485,0.00000000,0.00000000,0.00000000,0,0.78539819,1
2.607000,0.78539485,0.00000000,0.00000000,0.00000000,0,0.78539819,1
2.608000,0.78539485,0.00000000,0.00000000,0.00000000,0,0.78539819,1
2.609000,0.78539485,0.00000000,0.00000000,0.00000000,0,0.78539819,1
2.610000,0.78539485,0.00000000,0.00000000,0.00000000,0,0.78539819,1
2.611000,0.78539485,0.00000000,0.00000000,0.00000000,0,0.78539819,1
2.612000,0.78539485,0.00000000,0.00000000,0.00000000,0,0.78539819,1
2.613000,0.78539485,0.00000000,0.00000000,0.00000000,0,0.78539819,1
2.614000,0.78539485,0.00000000,0.00000000,0.00000000,0,0.78539819,1
2.615000,0.78539485,0.00000000,0.00000000,0.00000000,0,0.78539819,1
2.616000,0.78539485,0.00000000,0.00000000,0.00000000,0,0.78539819,1
2.617000,0.78539485,0.00000000,0.00000000,0.00000000,0,0.78539819,1
2.618000,0.78539485,0.00000000,0.00000000,0.00000000,0,0.78539819,1
2.619000,0.78539485,0.00000000,0.00000000,0.00000000,0,0.78539819,1
2.620000,0.78539485,0.00000000,0.00000000,0.00000000,0,0.78539819,1
2.621000,0.78539485,0.00000000,0.00000000,0.00000000,0,0.78539819,1
2.622000,0.78539485,0.00000000,0.00000000,0.00000000,0,0.78539819,1
2.623000,0.78539485,0.00000000,0.00000000,0.00000000,0,0.78539819,1
2.624000,0.78539485,0.00000000,0.00000000,0.00000000,0,0.78539819,1
2.625000,0.78539485,0.00000000,0.00000000,0.00000000,0,0.78539819,1
2.626000,0.78539485,0.00000000,0.00000000,0.00000000,0,0.78539819,1
2.627000,0.78539485,0.00000000,0.00000000,0.00000000,0,0.78539819,1
2.628000,0.78539485,0.00000000,0.00000000,0.00000000,0,0.78539819,1
2.629000,0.78539485,0.00000000,0.00000000,0.00000000,0,0.78539819,1
2.630000,0.78539485,0.00000000,0.00000000,0.00000000,0,0.78539819,1
2.631000,0.78539485,0.00000000,0.00000000,0.00000000,0,0.78539819,1
2.632000,0.78539485,0.00000000,0.00000000,0.00000000,0,0.78539819,1
2.633000,0.78539485,0.00000000,0.00000000,0.00000000,0,0.78539819,1
2.634000,0.78539485,0.00000000,0.00000000,0.00000000,0,0.78539819,1
2.635000,0.78539485,0.00000000,0.00000000,0.00000000,0,0.78539819,1
2.636000,0.78539485,0.00000000,0.00000000,0.00000000,0,0.78539819,1
2.637000,0.78539485,0.00000000,0.00000000,0.00000000,0,0.78539819,1
2.638000,0.78539485,0.00000000,0.00000000,0.00000000,0,0.78539819,1
2.639000,0.78539485,0.00000000,0.00000000,0.00000000,0,0.78539819,1
2.640000,0.78539485,0.00000000,0.00000000,0.00000000,0,0.78539819,1
2.641000,0.78539485,0.00000000,0.00000000,0.00000000,0,0.78539819,1
2.642000,0.78539485,0.00000000,0.00000000,0.00000000,0,0.78539819,1
2.643000,0.78539485,0.00000000,0.00000000,0.00000000,0,0.78539819,1
2.644000,0.78539485,0.00000000,0.00000000,0.00000000,0,0.78539819,1
2.645000,0.78539485,0.00000000,0.00000000,0.00000000,0,0.78539819,1
2.646000,0.78539485,0.00000000,0.00000000,0.00000000,0,0.78539819,1
2.647000,0.78539485,0.00000000,0.00000000,0.00000000,0,0.78539819,1
2.648000,0.78539485,0.00000000,0.00000000,0.00000000,0,0.78539819,1
2.649000,0.78539485,0.00000000,0.00000000,0.00000000,0,0.78539819,1
2.650000,0.78539485,0.00000000,0.00000000,0.00000000,0,0.78539819,1
2.651000,0.78539485,0.00000000,0.00000000,0.00000000,0,0.78539819,1
2.652000,0.78539485,0.00000000,0.00000000,0.00000000,0,0.78539819,1
2.653000,0.78539485,0.00000000,0.00000000,0.00000000,0,0.78539819,1
2.654000,0.78539485,0.00000000,0.00000000,0.00000000,0,0.78539819,1
2.655000,0.78539485,0.00000000,0.00000000,0.00000000,0,0.78539819,1
2.656000,0.78539485,0.00000000,0.00000000,0.00000000,0,0.78539819,1
2.657000,0.78539485,0.00000000,0.00000000,0.00000000,0,0.78539819,1
2.658000,0.78539485,0.00000000,0.00000000,0.00000000,0,0.78539819,1
2.659000,0.78539485,0.00000000,0.00000000,0.00000000,0,0.78539819,1
2.660000,0.78539485,0.00000000,0.00000000,0.00000000,0,0.78539819,1
2.661000,0.78539485,0.00000000,0.00000000,0.00000000,0,0.78539819,1
2.662000,0.78539485,0.00000000,0.00000000,0.00000000,0,0.78539819,1
2.663000,0.78539485,0.00000000,0.00000000,0.00000000,0,0.78539819,1
2.664000,0.78539485,0.00000000,0.00000000,0.00000000,0,0.78539819,1
2.665000,0.78539485,0.00000000,0.00000000,0.00000000,0,0.78539819,1
2.666000,0.78539485,0.00000000,0.00000000,0.00000000,0,0.78539819,1
2.667000,0.78539485,0.00000000,0.00000000,0.00000000,0,0.78539819,1
2.668000,0.78539485,0.00000000,0.00000000,0.00000000,0,0.78539819,1
2.669000,0.78539485,0.00000000,0.00000000,0.00000000,0,0.78539819,1
2.670000,0.78539485,0.00000000,0.00000000,0.00000000,0,0.78539819,1
2.671000,0.78539485,0.00000000,0.00000000,0.00000000,0,0.78539819,1
2.672000,0.78539485,0.00000000,0.00000000,0.00000000,0,0.78539819,1
2.673000,0.78539485,0.00000000,0.00000000,0.00000000,0,0.78539819,1
2.674000,0.78539485,0.00000000,0.00000000,0.00000000,0,0.78539819,1
2.675000,0.78539485,0.00000000,0.00000000,0.00000000,0,0.78539819,1
2.676000,0.78539485,0.00000000,0.00000000,0.00000000,0,0.78539819,1
2.677000,0.78539485,0.00000000,0.00000000,0.00000000,0,0.78539819,1
2.678000,0.78539485,0.00000000,0.00000000,0.00000000,0,0.78539819,1
2.679000,0.78539485,0.00000000,0.00000000,0.00000000,0,0.78539819,1
2.680000,0.78539485,0.00000000,0.00000000,0.00000000,0,0.78539819,1
2.681000,0.78539485,0.00000000,0.00000000,0.00000000,0,0.78539819,1
2.682000,0.78539485,0.00000000,0.00000000,0.00000000,0,0.78539819,1
2.683000,0.78539485,0.00000000,0.00000000,0.00000000,0,0.78539819,1
2.684000,0.78539485,0.00000000,0.00000000,0.00000000,0,0.78539819,1
2.685000,0.78539485,0.00000000,0.00000000,0.00000000,0,0.78539819,1
2.686000,0.78539485,0.00000000,0.00000000,0.00000000,0,0.78539819,1
2.687000,0.78539485,0.00000000,0.00000000,0.00000000,0,0.78539819,1
2.688000,0.78539485,0.00000000,0.00000000,0.00000000,0,0.78539819,1
2.689000,0.78539485,0.00000000,0.00000000,0.00000000,0,0.78539819,1
2.690000,0.78539485,0.00000000,0.00000000,0.00000000,0,0.78539819,1
2.691000,0.78539485,0.00000000,0.00000000,0.00000000,0,0.78539819,1
2.692000,0.78539485,0.00000000,0.00000000,0.00000000,0,0.78539819,1
2.693000,0.78539485,0.00000000,0.00000000,0.00000000,0,0.78539819,1
2.694000,0.78539485,0.00000000,0.00000000,0.00000000,0,0.78539819,1
2.695000,0.78539485,0.00000000,0.00000000,0.00000000,0,0.78539819,1
2.696000,0.78539485,0.00000000,0.00000000,0.00000000,0,0.78539819,1
2.697000,0.78539485,0.00000000,0.00000000,0.00000000,0,0.78539819,1
2.698000,0.78539485,0.00000000,0.00000000,0.00000000,0,0.78539819,1
2.699000,0.78539485,0.00000000,0.00000000,0.00000000,0,0.78539819,1
2.700000,0.78539485,0.00000000,0.00000000,0.00000000,0,0.78539819,1
2.701000,0.78539485,0.00000000,0.00000000,0.00000000,0,0.78539819,1
2.702000,0.78539485,0.00000000,0.00000000,0.00000000,0,0.78539819,1
2.703000,0.78539485,0.00000000,0.00000000,0.00000000,0,0.78539819,1
2.704000,0.78539485,0.00000000,0.00000000,0.00000000,0,0.78539819,1
2.705000,0.78539485,0.00000000,0.00000000,0.00000000,0,0.78539819,1
2.706000,0.78539485,0.00000000,0.00000000,0.00000000,0,0.78539819,1
2.707000,0.78539485,0.00000000,0.00000000,0.00000000,0,0.78539819,1
2.708000,0.78539485,0.00000000,0.00000000,0.00000000,0,0.78539819,1
2.709000,0.78539485,0.00000000,0.00000000,0.00000000,0,0.78539819,1
2.710000,0.78539485,0.00000000,0.00000000,0.00000000,0,0.78539819,1
2.711000,0.78539485,0.00000000,0.00000000,0.00000000,0,0.78539819,1
2.712000,0.78539485,0.00000000,0.00000000,0.00000000,0,0.78539819,1
2.713000,0.78539485,0.00000000,0.00000000,0.00000000,0,0.78539819,1
2.714000,0.78539485,0.00000000,0.00000000,0.00000000,0,0.78539819,1
2.715000,0.78539485,0.00000000,0.00000000,0.00000000,0,0.78539819,1
2.716000,0.78539485,0.00000000,0.00000000,0.00000000,0,0.78539819,1
2.717000,0.78539485,0.00000000,0.00000000,0.00000000,0,0.78539819,1
2.718000,0.78539485,0.00000000,0.00000000,0.00000000,0,0.78539819,1
2.719000,0.78539485,0.00000000,0.00000000,0.00000000,0,0.78539819,1
2.720000,0.78539485,0.00000000,0.00000000,0.00000000,0,0.78539819,1
2.721000,0.78539485,0.00000000,0.00000000,0.00000000,0,0.78539819,1
2.722000,0.78539485,0.00000000,0.00000000,0.00000000,0,0.78539819,1
2.723000,0.78539485,0.00000000,0.00000000,0.00000000,0,0.78539819,1
2.724000,0.78539485,0.00000000,0.00000000,0.00000000,0,0.78539819,1
2.725000,0.78539485,0.00000000,0.00000000,0.00000000,0,0.78539819,1
2.726000,0.78539485,0.00000000,0.00000000,0.00000000,0,0.78539819,1
2.727000,0.78539485,0.00000000,0.00000000,0.00000000,0,0.78539819,1
2.728000,0.78539485,0.00000000,0.00000000,0.00000000,0,0.78539819,1
2.729000,0.78539485,0.00000000,0.00000000,0.00000000,0,0.78539819,1
2.730000,0.78539485,0.00000000,0.00000000,0.00000000,0,0.78539819,1
2.731000,0.78539485,0.00000000,0.00000000,0.00000000,0,0.78539819,1
2.732000,0.78539485,0.00000000,0.00000000,0.00000000,0,0.78539819,1
2.733000,0.78539485,0.00000000,0.00000000,0.00000000,0,0.78539819,1
2.734000,0.78539485,0.00000000,0.00000000,0.00000000,0,0.78539819,1
2.735000,0.78539485,0.00000000,0.00000000,0.00000000,0,0.78539819,1
2.736000,0.78539485,0.00000000,0.00000000,0.00000000,0,0.78539819,1
2.737000,0.78539485,0.00000000,0.00000000,0.00000000,0,0.78539819,1
2.738000,0.78539485,0.00000000,0.00000000,0.00000000,0,0.78539819,1
2.739000,0.78539485,0.00000000,0.00000000,0.00000000,0,0.78539819,1
2.740000,0.78539485,0.00000000,0.00000000,0.00000000,0,0.78539819,1
2.741000,0.78539485,0.00000000,0.00000000,0.00000000,0,0.78539819,1
2.742000,0.78539485,0.00000000,0.00000000,0.00000000,0,0.78539819,1
2.743000,0.78539485,0.00000000,0.00000000,0.00000000,0,0.78539819,1
2.744000,0.78539485,0.00000000,0.00000000,0.00000000,0,0.78539819,1
2.745000,0.78539485,0.00000000,0.00000000,0.00000000,0,0.78539819,1
2.746000,0.78539485,0.00000000,0.00000000,0.00000000,0,0.78539819,1
2.747000,0.78539485,0.00000000,0.00000000,0.00000000,0,0.78539819,1
2.748000,0.78539485,0.00000000,0.00000000,0.00000000,0,0.78539819,1
2.749000,0.78539485,0.00000000,0.00000000,0.00000000,0,0.78539819,1
2.750000,0.78539485,0.00000000,0.00000000,0.00000000,0,0.78539819,1
2.751000,0.78539485,0.00000000,0.00000000,0.00000000,0,0.78539819,1
2.752000,0.78539485,0.00000000,0.00000000,0.00000000,0,0.78539819,1
2.753000,0.78539485,0.00000000,0.00000000,0.00000000,0,0.78539819,1
2.754000,0.78539485,0.00000000,0.00000000,0.00000000,0,0.78539819,1
2.755000,0.78539485,0.00000000,0.00000000,0.00000000,0,0.78539819,1
2.756000,0.78539485,0.00000000,0.00000000,0.00000000,0,0.78539819,1
2.757000,0.78539485,0.00000000,0.00000000,0.00000000,0,0.78539819,1
2.758000,0.78539485,0.00000000,0.00000000,0.00000000,0,0.78539819,1
2.759000,0.78539485,0.00000000,0.00000000,0.00000000,0,0.78539819,1
2.760000,0.78539485,0.00000000,0.00000000,0.00000000,0,0.78539819,1
2.761000,0.78539485,0.00000000,0.00000000,0.00000000,0,0.78539819,1
2.762000,0.78539485,0.00000000,0.00000000,0.00000000,0,0.78539819,1
2.763000,0.78539485,0.00000000,0.00000000,0.00000000,0,0.78539819,1
2.764000,0.78539485,0.00000000,0.00000000,0.00000000,0,0.78539819,1
2.765000,0.78539485,0.00000000,0.00000000,0.00000000,0,0.78539819,1
2.766000,0.78539485,0.00000000,0.00000000,0.00000000,0,0.78539819,1
2.767000,0.78539485,0.00000000,0.00000000,0.00000000,0,0.78539819,1
2.768000,0.78539485,0.00000000,0.00000000,0.00000000,0,0.78539819,1
2.769000,0.78539485,0.00000000,0.00000000,0.00000000,0,0.78539819,1
2.770000,0.78539485,0.00000000,0.00000000,0.00000000,0,0.78539819,1
2.771000,0.78539485,0.00000000,0.00000000,0.00000000,0,0.78539819,1
2.772000,0.78539485,0.00000000,0.00000000,0.00000000,0,0.78539819,1
2.773000,0.78539485,0.00000000,0.00000000,0.00000000,0,0.78539819,1
2.774000,0.78539485,0.00000000,0.00000000,0.00000000,0,0.78539819,1
2.775000,0.78539485,0.00000000,0.00000000,0.00000000,0,0.78539819,1
2.776000,0.78539485,0.00000000,0.00000000,0.00000000,0,0.78539819,1
2.777000,0.78539485,0.00000000,0.00000000,0.00000000,0,0.78539819,1
2.778000,0.78539485,0.00000000,0.00000000,0.00000000,0,0.78539819,1
2.779000,0.78539485,0.00000000,0.00000000,0.00000000,0,0.78539819,1
2.780000,0.78539485,0.00000000,0.00000000,0.00000000,0,0.78539819,1
2.781000,0.78539485,0.00000000,0.00000000,0.00000000,0,0.78539819,1
2.782000,0.78539485,0.00000000,0.00000000,0.00000000,0,0.78539819,1
2.783000,0.78539485,0.00000000,0.00000000,0.00000000,0,0.78539819,1
2.784000,0.78539485,0.00000000,0.00000000,0.00000000,0,0.78539819,1
2.785000,0.78539485,0.00000000,0.00000000,0.00000000,0,0.78539819,1
2.786000,0.78539485,0.00000000,0.00000000,0.00000000,0,0.78539819,1
2.787000,0.78539485,0.00000000,0.00000000,0.00000000,0,0.78539819,1
2.788000,0.78539485,0.00000000,0.00000000,0.00000000,0,0.78539819,1
2.789000,0.78539485,0.00000000,0.00000000,0.00000000,0,0.78539819,1
2.790000,0.78539485,0.00000000,0.00000000,0.00000000,0,0.78539819,1
2.791000,0.78539485,0.00000000,0.00000000,0.00000000,0,0.78539819,1
2.792000,0.78539485,0.00000000,0.00000000,0.00000000,0,0.78539819,1
2.793000,0.78539485,0.00000000,0.00000000,0.00000000,0,0.78539819,1
2.794000,0.78539485,0.00000000,0.00000000,0.00000000,0,0.78539819,1
2.795000,0.78539485,0.00000000,0.00000000,0.00000000,0,0.78539819,1
2.796000,0.78539485,0.00000000,0.00000000,0.00000000,0,0.78539819,1
2.797000,0.78539485,0.00000000,0.00000000,0.00000000,0,0.78539819,1
2.798000,0.78539485,0.00000000,0.00000000,0.00000000,0,0.78539819,1
2.799000,0.78539485,0.00000000,0.00000000,0.00000000,0,0.78539819,1
2.800000,0.78539485,0.00000000,0.00000000,0.00000000,0,0.78539819,1
2.801000,0.78539485,0.00000000,0.00000000,0.00000000,0,0.78539819,1
2.802000,0.78539485,0.00000000,0.00000000,0.00000000,0,0.78539819,1
2.803000,0.78539485,0.00000000,0.00000000,0.00000000,0,0.78539819,1
2.804000,0.78539485,0.00000000,0.00000000,0.00000000,0,0.78539819,1
2.805000,0.78539485,0.00000000,0.00000000,0.00000000,0,0.78539819,1
2.806000,0.78539485,0.00000000,0.00000000,0.00000000,0,0.78539819,1
2.807000,0.78539485,0.00000000,0.00000000,0.00000000,0,0.78539819,1
2.808000,0.78539485,0.00000000,0.00000000,0.00000000,0,0.78539819,1
2.809000,0.78539485,0.00000000,0.00000000,0.00000000,0,0.78539819,1
2.810000,0.78539485,0.00000000,0.00000000,0.00000000,0,0.78539819,1
2.811000,0.78539485,0.00000000,0.00000000,0.00000000,0,0.78539819,1
2.812000,0.78539485,0.00000000,0.00000000,0.00000000,0,0.78539819,1
2.813000,0.78539485,0.00000000,0.00000000,0.00000000,0,0.78539819,1
2.814000,0.78539485,0.00000000,0.00000000,0.00000000,0,0.78539819,1
2.815000,0.78539485,0.00000000,0.00000000,0.00000000,0,0.78539819,1
2.816000,0.78539485,0.00000000,0.00000000,0.00000000,0,0.78539819,1
2.817000,0.78539485,0.00000000,0.00000000,0.00000000,0,0.78539819,1
2.818000,0.78539485,0.00000000,0.00000000,0.00000000,0,0.78539819,1
2.819000,0.78539485,0.00000000,0.00000000,0.00000000,0,0.78539819,1
2.820000,0.78539485,0.00000000,0.00000000,0.00000000,0,0.78539819,1
2.821000,0.78539485,0.00000000,0.00000000,0.00000000,0,0.78539819,1
2.822000,0.78539485,0.00000000,0.00000000,0.00000000,0,0.78539819,1
2.823000,0.78539485,0.00000000,0.00000000,0.00000000,0,0.78539819,1
2.824000,0.78539485,0.00000000,0.00000000,0.00000000,0,0.78539819,1
2.825000,0.78539485,0.00000000,0.00000000,0.00000000,0,0.78539819,1
2.826000,0.78539485,0.00000000,0.00000000,0.00000000,0,0.78539819,1
2.827000,0.78539485,0.00000000,0.00000000,0.00000000,0,0.78539819,1
2.828000,0.78539485,0.00000000,0.00000000,0.00000000,0,0.78539819,1
2.829000,0.78539485,0.00000000,0.00000000,0.00000000,0,0.78539819,1
2.830000,0.78539485,0.00000000,0.00000000,0.00000000,0,0.78539819,1
2.831000,0.78539485,0.00000000,0.00000000,0.00000000,0,0.78539819,1
2.832000,0.78539485,0.00000000,0.00000000,0.00000000,0,0.78539819,1
2.833000,0.78539485,0.00000000,0.00000000,0.00000000,0,0.78539819,1
2.834000,0.78539485,0.00000000,0.00000000,0.00000000,0,0.78539819,1
2.835000,0.78539485,0.00000000,0.00000000,0.00000000,0,0.78539819,1
2.836000,0.78539485,0.00000000,0.00000000,0.00000000,0,0.78539819,1
2.837000,0.78539485,0.00000000,0.00000000,0.00000000,0,0.78539819,1
2.838000,0.78539485,0.00000000,0.00000000,0.00000000,0,0.78539819,1
2.839000,0.78539485,0.00000000,0.00000000,0.00000000,0,0.78539819,1
2.840000,0.78539485,0.00000000,0.00000000,0.00000000,0,0.78539819,1
2.841000,0.78539485,0.00000000,0.00000000,0.00000000,0,0.78539819,1
2.842000,0.78539485,0.00000000,0.00000000,0.00000000,0,0.78539819,1
2.843000,0.78539485,0.00000000,0.00000000,0.00000000,0,0.78539819,1
2.844000,0.78539485,0.00000000,0.00000000,0.00000000,0,0.78539819,1
2.845000,0.78539485,0.00000000,0.00000000,0.00000000,0,0.78539819,1
2.846000,0.78539485,0.00000000,0.00000000,0.00000000,0,0.78539819,1
2.847000,0.78539485,0.00000000,0.00000000,0.00000000,0,0.78539819,1
2.848000,0.78539485,0.00000000,0.00000000,0.00000000,0,0.78539819,1
2.849000,0.78539485,0.00000000,0.00000000,0.00000000,0,0.78539819,1
2.850000,0.78539485,0.00000000,0.00000000,0.00000000,0,0.78539819,1
2.851000,0.78539485,0.00000000,0.00000000,0.00000000,0,0.78539819,1
2.852000,0.78539485,0.00000000,0.00000000,0.00000000,0,0.78539819,1
2.853000,0.78539485,0.00000000,0.00000000,0.00000000,0,0.78539819,1
2.854000,0.78539485,0.00000000,0.00000000,0.00000000,0,0.78539819,1
2.855000,0.78539485,0.00000000,0.00000000,0.00000000,0,0.78539819,1
2.856000,0.78539485,0.00000000,0.00000000,0.00000000,0,0.78539819,1
2.857000,0.78539485,0.00000000,0.00000000,0.00000000,0,0.78539819,1
2.858000,0.78539485,0.00000000,0.00000000,0.00000000,0,0.78539819,1
2.859000,0.78539485,0.00000000,0.00000000,0.00000000,0,0.78539819,1
2.860000,0.78539485,0.00000000,0.00000000,0.00000000,0,0.78539819,1
2.861000,0.78539485,0.00000000,0.00000000,0.00000000,0,0.78539819,1
2.862000,0.78539485,0.00000000,0.00000000,0.00000000,0,0.78539819,1
2.863000,0.78539485,0.00000000,0.00000000,0.00000000,0,0.78539819,1
2.864000,0.78539485,0.00000000,0.00000000,0.00000000,0,0.78539819,1
2.865000,0.78539485,0.00000000,0.00000000,0.00000000,0,0.78539819,1
2.866000,0.78539485,0.00000000,0.00000000,0.00000000,0,0.78539819,1
2.867000,0.78539485,0.00000000,0.00000000,0.00000000,0,0.78539819,1
2.868000,0.78539485,0.00000000,0.00000000,0.00000000,0,0.78539819,1
2.869000,0.78539485,0.00000000,0.00000000,0.00000000,0,0.78539819,1
2.870000,0.78539485,0.00000000,0.00000000,0.00000000,0,0.78539819,1
2.871000,0.78539485,0.00000000,0.00000000,0.00000000,0,0.78539819,1
2.872000,0.78539485,0.00000000,0.00000000,0.00000000,0,0.78539819,1
2.873000,0.78539485,0.00000000,0.00000000,0.00000000,0,0.78539819,1
2.874000,0.78539485,0.00000000,0.00000000,0.00000000,0,0.78539819,1
2.875000,0.78539485,0.00000000,0.00000000,0.00000000,0,0.78539819,1
2.876000,0.78539485,0.00000000,0.00000000,0.00000000,0,0.78539819,1
2.877000,0.78539485,0.00000000,0.00000000,0.00000000,0,0.78539819,1
2.878000,0.78539485,0.00000000,0.00000000,0.00000000,0,0.78539819,1
2.879000,0.78539485,0.00000000,0.00000000,0.00000000,0,0.78539819,1
2.880000,0.78539485,0.00000000,0.00000000,0.00000000,0,0.78539819,1
2.881000,0.78539485,0.00000000,0.00000000,0.00000000,0,0.78539819,1
2.882000,0.78539485,0.00000000,0.00000000,0.00000000,0,0.78539819,1
2.883000,0.78539485,0.00000000,0.00000000,0.00000000,0,0.78539819,1
2.884000,0.78539485,0.00000000,0.00000000,0.00000000,0,0.78539819,1
2.885000,0.78539485,0.00000000,0.00000000,0.00000000,0,0.78539819,1
2.886000,0.78539485,0.00000000,0.00000000,0.00000000,0,0.78539819,1
2.887000,0.78539485,0.00000000,0.00000000,0.00000000,0,0.78539819,1
2.888000,0.78539485,0.00000000,0.00000000,0.00000000,0,0.78539819,1
2.889000,0.78539485,0.00000000,0.00000000,0.00000000,0,0.78539819,1
2.890000,0.78539485,0.00000000,0.00000000,0.00000000,0,0.78539819,1
2.891000,0.78539485,0.00000000,0.00000000,0.00000000,0,0.78539819,1
2.892000,0.78539485,0.00000000,0.00000000,0.00000000,0,0.78539819,1
2.893000,0.78539485,0.00000000,0.00000000,0.00000000,0,0.78539819,1
2.894000,0.78539485,0.00000000,0.00000000,0.00000000,0,0.78539819,1
2.895000,0.78539485,0.00000000,0.00000000,0.00000000,0,0.78539819,1
2.896000,0.78539485,0.00000000,0.00000000,0.00000000,0,0.78539819,1
2.897000,0.78539485,0.00000000,0.00000000,0.00000000,0,0.78539819,1
2.898000,0.78539485,0.00000000,0.00000000,0.00000000,0,0.78539819,1
2.899000,0.78539485,0.00000000,0.00000000,0.00000000,0,0.78539819,1
2.900000,0.78539485,0.00000000,0.00000000,0.00000000,0,0.78539819,1
2.901000,0.78539485,0.00000000,0.00000000,0.00000000,0,0.78539819,1
2.902000,0.78539485,0.00000000,0.00000000,0.00000000,0,0.78539819,1
2.903000,0.78539485,0.00000000,0.00000000,0.00000000,0,0.78539819,1
2.904000,0.78539485,0.00000000,0.00000000,0.00000000,0,0.78539819,1
2.905000,0.78539485,0.00000000,0.00000000,0.00000000,0,0.78539819,1
2.906000,0.78539485,0.00000000,0.00000000,0.00000000,0,0.78539819,1
2.907000,0.78539485,0.00000000,0.00000000,0.00000000,0,0.78539819,1
2.908000,0.78539485,0.00000000,0.00000000,0.00000000,0,0.78539819,1
2.909000,0.78539485,0.00000000,0.00000000,0.00000000,0,0.78539819,1
2.910000,0.78539485,0.00000000,0.00000000,0.00000000,0,0.78539819,1
2.911000,0.78539485,0.00000000,0.00000000,0.00000000,0,0.78539819,1
2.912000,0.78539485,0.00000000,0.00000000,0.00000000,0,0.78539819,1
2.913000,0.78539485,0.00000000,0.00000000,0.00000000,0,0.78539819,1
2.914000,0.78539485,0.00000000,0.00000000,0.00000000,0,0.78539819,1
2.915000,0.78539485,0.00000000,0.00000000,0.00000000,0,0.78539819,1
2.916000,0.78539485,0.00000000,0.00000000,0.00000000,0,0.78539819,1
2.917000,0.78539485,0.00000000,0.00000000,0.00000000,0,0.78539819,1
2.918000,0.78539485,0.00000000,0.00000000,0.00000000,0,0.78539819,1
2.919000,0.78539485,0.00000000,0.00000000,0.00000000,0,0.78539819,1
2.920000,0.78539485,0.00000000,0.00000000,0.00000000,0,0.78539819,1
2.921000,0.78539485,0.00000000,0.00000000,0.00000000,0,0.78539819,1
2.922000,0.78539485,0.00000000,0.00000000,0.00000000,0,0.78539819,1
2.923000,0.78539485,0.00000000,0.00000000,0.00000000,0,0.78539819,1
2.924000,0.78539485,0.00000000,0.00000000,0.00000000,0,0.78539819,1
2.925000,0.78539485,0.00000000,0.00000000,0.00000000,0,0.78539819,1
2.926000,0.78539485,0.00000000,0.00000000,0.00000000,0,0.78539819,1
2.927000,0.78539485,0.00000000,0.00000000,0.00000000,0,0.78539819,1
2.928000,0.78539485,0.00000000,0.00000000,0.00000000,0,0.78539819,1
2.929000,0.78539485,0.00000000,0.00000000,0.00000000,0,0.78539819,1
2.930000,0.78539485,0.00000000,0.00000000,0.00000000,0,0.78539819,1
2.931000,0.78539485,0.00000000,0.00000000,0.00000000,0,0.78539819,1
2.932000,0.78539485,0.00000000,0.00000000,0.00000000,0,0.78539819,1
2.933000,0.78539485,0.00000000,0.00000000,0.00000000,0,0.78539819,1
2.934000,0.78539485,0.00000000,0.00000000,0.00000000,0,0.78539819,1
2.935000,0.78539485,0.00000000,0.00000000,0.00000000,0,0.78539819,1
2.936000,0.78539485,0.00000000,0.00000000,0.00000000,0,0.78539819,1
2.937000,0.78539485,0.00000000,0.00000000,0.00000000,0,0.78539819,1
2.938000,0.78539485,0.00000000,0.00000000,0.00000000,0,0.78539819,1
2.939000,0.78539485,0.00000000,0.00000000,0.00000000,0,0.78539819,1
2.940000,0.78539485,0.00000000,0.00000000,0.00000000,0,0.78539819,1
2.941000,0.78539485,0.00000000,0.00000000,0.00000000,0,0.78539819,1
2.942000,0.78539485,0.00000000,0.00000000,0.00000000,0,0.78539819,1
2.943000,0.78539485,0.00000000,0.00000000,0.00000000,0,0.78539819,1
2.944000,0.78539485,0.00000000,0.00000000,0.00000000,0,0.78539819,1
2.945000,0.78539485,0.00000000,0.00000000,0.00000000,0,0.78539819,1
2.946000,0.78539485,0.00000000,0.00000000,0.00000000,0,0.78539819,1
2.947000,0.78539485,0.00000000,0.00000000,0.00000000,0,0.78539819,1
2.948000,0.78539485,0.00000000,0.00000000,0.00000000,0,0.78539819,1
2.949000,0.78539485,0.00000000,0.00000000,0.00000000,0,0.78539819,1
2.950000,0.78539485,0.00000000,0.00000000,0.00000000,0,0.78539819,1
2.951000,0.78539485,0.00000000,0.00000000,0.00000000,0,0.78539819,1
2.952000,0.78539485,0.00000000,0.00000000,0.00000000,0,0.78539819,1
2.953000,0.78539485,0.00000000,0.00000000,0.00000000,0,0.78539819,1
2.954000,0.78539485,0.00000000,0.00000000,0.00000000,0,0.78539819,1
2.955000,0.78539485,0.00000000,0.00000000,0.00000000,0,0.78539819,1
2.956000,0.78539485,0.00000000,0.00000000,0.00000000,0,0.78539819,1
2.957000,0.78539485,0.00000000,0.00000000,0.00000000,0,0.78539819,1
2.958000,0.78539485,0.00000000,0.00000000,0.00000000,0,0.78539819,1
2.959000,0.78539485,0.00000000,0.00000000,0.00000000,0,0.78539819,1
2.960000,0.78539485,0.00000000,0.00000000,0.00000000,0,0.78539819,1
2.961000,0.78539485,0.00000000,0.00000000,0.00000000,0,0.78539819,1
2.962000,0.78539485,0.00000000,0.00000000,0.00000000,0,0.78539819,1
2.963000,0.78539485,0.00000000,0.00000000,0.00000000,0,0.78539819,1
2.964000,0.78539485,0.00000000,0.00000000,0.00000000,0,0.78539819,1
2.965000,0.78539485,0.00000000,0.00000000,0.00000000,0,0.78539819,1
2.966000,0.78539485,0.00000000,0.00000000,0.00000000,0,0.78539819,1
2.967000,0.78539485,0.00000000,0.00000000,0.00000000,0,0.78539819,1
2.968000,0.78539485,0.00000000,0.00000000,0.00000000,0,0.78539819,1
2.969000,0.78539485,0.00000000,0.00000000,0.00000000,0,0.78539819,1
2.970000,0.78539485,0.00000000,0.00000000,0.00000000,0,0.78539819,1
2.971000,0.78539485,0.00000000,0.00000000,0.00000000,0,0.78539819,1
2.972000,0.78539485,0.00000000,0.00000000,0.00000000,0,0.78539819,1
2.973000,0.78539485,0.00000000,0.00000000,0.00000000,0,0.78539819,1
2.974000,0.78539485,0.00000000,0.00000000,0.00000000,0,0.78539819,1
2.975000,0.78539485,0.00000000,0.00000000,0.00000000,0,0.78539819,1
2.976000,0.78539485,0.00000000,0.00000000,0.00000000,0,0.78539819,1
2.977000,0.78539485,0.00000000,0.00000000,0.00000000,0,0.78539819,1
2.978000,0.78539485,0.00000000,0.00000000,0.00000000,0,0.78539819,1
2.979000,0.78539485,0.00000000,0.00000000,0.00000000,0,0.78539819,1
2.980000,0.78539485,0.00000000,0.00000000,0.00000000,0,0.78539819,1
2.981000,0.78539485,0.00000000,0.00000000,0.00000000,0,0.78539819,1
2.982000,0.78539485,0.00000000,0.00000000,0.00000000,0,0.78539819,1
2.983000,0.78539485,0.00000000,0.00000000,0.00000000,0,0.78539819,1
2.984000,0.78539485,0.00000000,0.00000000,0.00000000,0,0.78539819,1
2.985000,0.78539485,0.00000000,0.00000000,0.00000000,0,0.78539819,1
2.986000,0.78539485,0.00000000,0.00000000,0.00000000,0,0.78539819,1
2.987000,0.78539485,0.00000000,0.00000000,0.00000000,0,0.78539819,1
2.988000,0.78539485,0.00000000,0.00000000,0.00000000,0,0.78539819,1
2.989000,0.78539485,0.00000000,0.00000000,0.00000000,0,0.78539819,1
2.990000,0.78539485,0.00000000,0.00000000,0.00000000,0,0.78539819,1
2.991000,0.78539485,0.00000000,0.00000000,0.00000000,0,0.78539819,1
2.992000,0.78539485,0.00000000,0.00000000,0.00000000,0,0.78539819,1
2.993000,0.78539485,0.00000000,0.00000000,0.00000000,0,0.78539819,1
2.994000,0.78539485,0.00000000,0.00000000,0.00000000,0,0.78539819,1
2.995000,0.78539485,0.00000000,0.00000000,0.00000000,0,0.78539819,1
2.996000,0.78539485,0.00000000,0.00000000,0.00000000,0,0.78539819,1
2.997000,0.78539485,0.00000000,0.00000000,0.00000000,0,0.78539819,1
2.998000,0.78539485,0.00000000,0.00000000,0.00000000,0,0.78539819,1
